,English (V1/V2/V3),Tamil (Infinitive/Past/Perfect Participle),Hindi (Infinitive/Past/Perfect Participle)
1,Speak / Spoke / Spoken,பேசு (Pēsu) / பேசினேன் (Pēsinēn) / பேசியுள்ளேன் (Pēsiuḷḷēn),बोलना (Bolnā) / बोला (Bolā) / बोल चुका (Bol Chukā)
2,Write / Wrote / Written,எழுது (Eḻudu) / எழுதினேன் (Eḻudinēn) / எழுதியுள்ளேன் (Eḻutiyullēn),लिखना (Likhna) / लिखा (Likhā) / लिख चुका (Likh Chukā)
3,See / Saw / Seen,பார் (Pār) / பார்த்தேன் (Pārttēn) / பார்த்திருக்கிறேன் (Pārttirukkirēn),देखना (Dekhnā) / देखा (Dekhā) / देख चुका (Dekh Chukā)
4,Drink / Drank / Drunk,குடி (Kuḍi) / குடித்தேன் (Kuḍittēn) / குடித்திருக்கிறேன் (Kuḍittirukkirēn),पीना (Pīnā) / पीया (Pīyā) / पी चुका (Pī Chukā)
5,Give / Gave / Given,கொடு (Koḍu) / கொடுத்தேன் (Koḍuttēn) / கொடுத்திருக்கிறேன் (Koḍuttirukkirēn),देना (Denā) / दिया (Diyā) / दे चुका (De Chukā)
6,Take / Took / Taken,எடு (Eḍu) / எடுத்தேன் (Eḍuttēn) / எடுத்திருக்கிறேன் (Eḍuttirukkirēn),लेना (Lenā) / लिया (Liyā) / ले चुका (Le Chukā)
7,Come / Came / Come,வா (Vā) / வந்தேன் (Vandhēn) / வந்திருக்கிறேன் (Vandhirukkirēn),आना (Ānā) / आया (Āyā) / आ चुका (Ā Chukā)
8,Run / Ran / Run,ஓடு (Ōḍu) / ஓடினேன் (Ōḍinēn) / ஓடியிருக்கிறேன் (Ōḍiyirukkirēn),दौड़ना (Dauṛnā) / दौड़ा (Dauṛā) / दौड़ चुका (Dauṛ Chukā)
9,Sleep / Slept / Slept,தூங்கு (Tūṅgu) / தூங்கினேன் (Tūṅginēn) / தூங்கியுள்ளேன் (Tūṅgiyuḷḷēn),सोना (Sonā) / सोया (Soyā) / सो चुका (So Chukā)
10,Read / Read / Read,படி (Paḍi) / படித்தேன் (Paḍittēn) / படித்திருக்கிறேன் (Paḍittirukkirēn),पढ़ना (Paṛhnā) / पढ़ा (Paṛhā) / पढ़ चुका (Paṛh Chukā)
11,Know / Knew / Known,தெரி (Teri) / தெரிந்தேன் (Terindhēn) / தெரிந்திருக்கிறேன் (Terindhirukkirēn),जानना (Jānnā) / जाना (Jānā) / जान चुका (Jān Chukā)
12,Think / Thought / Thought,நினை (Niṉai) / நினைத்தேன் (Niṉaittēn) / நினைத்திருக்கிறேன் (Niṉaittirukkirēn),सोचना (Sochnā) / सोचा (Sochā) / सोच चुका (Soch Chukā)
13,Tell / Told / Told,சொல் (Sol) / சொன்னேன் (Sonnēn) / சொல்லியிருக்கிறேன் (Solliyirukkirēn),बताना (Batānā) / बताया (Batāyā) / बता चुका (Batā Chukā)
14,Find / Found / Found,கண்டுபிடி (Kaṇḍupiḍi) / கண்டுபிடித்தேன் (Kaṇḍupiḍittēn) / கண்டுபிடித்திருக்கிறேன் (Kaṇḍupiḍittirukkirēn),ढूँढना (Ḍhūnḍhnā) / ढूँढा (Ḍhūnḍhā) / ढूँढ चुका (Ḍhūnḍh Chukā)
15,Break / Broke / Broken,உடை (Uḍai) / உடைத்தேன் (Uḍaittēn) / உடைத்திருக்கிறேன் (Uḍaittirukkirēn),तोड़ना (Toṛnā) / तोड़ा (Toṛā) / तोड़ चुका (Toṛ Chukā)
16,Catch / Caught / Caught,பிடி (Piḍi) / பிடித்தேன் (Piḍittēn) / பிடித்திருக்கிறேன் (Piḍittirukkirēn),पकड़ना (Pakaṛnā) / पकड़ा (Pakaṛā) / पकड़ चुका (Pakaṛ Chukā)
17,Build / Built / Built,கட்டு (Kaṭṭu) / கட்டினேன் (Kaṭṭinēn) / கட்டியுள்ளேன் (Kaṭṭiyuḷḷēn),बनाना (Banānā) / बनाया (Banāyā) / बना चुका (Banā Chukā)
18,Draw / Drew / Drawn,வரை (Varai) / வரைந்தேன் (Varaindhēn) / வரைந்திருக்கிறேன் (Varaindhirukkirēn),खींचना (Khīnchnā) / खींचा (Khīnchā) / खींच चुका (Khīnch Chukā)
19,Fly / Flew / Flown,பற (Paṟa) / பறந்தேன் (Paṟandhēn) / பறந்திருக்கிறேன் (Paṟandhirukkirēn),उड़ना (Uṛnā) / उड़ा (Uṛā) / उड़ चुका (Uṛ Chukā)
20,Sing / Sang / Sung,பாடு (Pāḍu) / பாடினேன் (Pāḍinēn) / பாடியிருக்கிறேன் (Pāḍiyirukkirēn),गाना (Gānā) / गाया (Gāyā) / गा चुका (Gā Chukā)
21,Begin / Began / Begun,தொடங்கு (Toḍaṅgu) / தொடங்கினேன் (Toḍaṅginēn) / தொடங்கியுள்ளேன் (Toḍaṅgiyuḷḷēn),शुरू करना (Shurū Karnā) / शुरू किया (Shurū Kiyā) / शुरू कर चुका (Shurū Kar Chukā)
22,Buy / Bought / Bought,வாங்கு (Vāṅgu) / வாங்கினேன் (Vāṅginēn) / வாங்கியுள்ளேன் (Vāṅgiyuḷḷēn),खरीदना (Kharīdnā) / खरीदा (Kharīdā) / खरीद चुका (Kharīd Chukā)
23,Bring / Brought / Brought,கொண்டுவா (Koṇḍuvā) / கொண்டுவந்தேன் (Koṇḍuvandhēn) / கொண்டுவந்திருக்கிறேன் (Koṇḍuvandhirukkirēn),लाना (Lānā) / लाया (Lāyā) / ला चुका (Lā Chukā)
24,Pay / Paid / Paid,செலுத்து (Seluttu) / செலுத்தினேன் (Seluttinēn) / செலுத்தியுள்ளேன் (Seluttiyuḷḷēn),भुगतान करना (Bhugtān Karnā) / भुगतान किया (Bhugtān Kiyā) / भुगतान कर चुका (Bhugtān Kar Chukā)
25,Hear / Heard / Heard,கேள் (Kēḷ) / கேட்டேன் (Kēṭṭēn) / கேட்டிருக்கிறேன் (Kēṭṭirukkirēn),सुनना (Sunnā) / सुना (Sunā) / सुन चुका (Sun Chukā)
26,Spend / Spent / Spent,செலவழி (Selavaḻi) / செலவழித்தேன் (Selavaḻittēn) / செலவழித்திருக்கிறேன் (Selavaḻittirukkirēn),खर्च करना (Kharch Karnā) / खर्च किया (Kharch Kiyā) / खर्च कर चुका (Kharch Kar Chukā)
27,Hold / Held / Held,பிடி (Piḍi) / பிடித்தேன் (Piḍittēn) / பிடித்திருக்கிறேன் (Piḍittirukkirēn),पकड़ना (Pakaṛnā) / पकड़ा (Pakaṛā) / पकड़ चुका (Pakaṛ Chukā)
28,Cut / Cut / Cut,வெட்டு (Veṭṭu) / வெட்டினேன் (Veṭṭinēn) / வெட்டியுள்ளேன் (Veṭṭiyuḷḷēn),काटना (Kāṭnā) / काटा (Kāṭā) / काट चुका (Kāṭ Chukā)
29,Hit / Hit / Hit,அடி (Aḍi) / அடித்தேன் (Aḍittēn) / அடித்திருக்கிறேன் (Aḍittirukkirēn),मारना (Mārnā) / मारा (Mārā) / मार चुका (Mār Chukā)
30,Put / Put / Put,வை (Vai) / வைத்தேன் (Vaittēn) / வைத்திருக்கிறேன் (Vaittirukkirēn),रखना (Rakhnā) / रखा (Rakhā) / रख चुका (Rakh Chukā)
31,Keep / Kept / Kept,வைத்துக்கொள் (Vaittukkoḷ) / வைத்துக்கொண்டேன் (Vaittukkoṇḍēn) / வைத்துக்கொண்டிருக்கிறேன் (Vaittukkoṇḍirukkirēn),रखना (Rakhnā) / रखा (Rakhā) / रख चुका (Rakh Chukā)
32,Leave / Left / Left,விடு (Viḍu) / விட்டேன் (Viṭṭēn) / விட்டிருக்கிறேன் (Viṭṭirukkirēn),छोड़ना (Choṛnā) / छोड़ा (Choṛā) / छोड़ चुका (Choṛ Chukā)
33,Meet / Met / Met,சந்தி (Sandhi) / சந்தித்தேன் (Sandhittēn) / சந்தித்திருக்கிறேன் (Sandhittirukkirēn),मिलना (Milnā) / मिला (Milā) / मिल चुका (Mil Chukā)
34,Send / Sent / Sent,அனுப்பு (Anuppu) / அனுப்பினேன் (Anuppinēn) / அனுப்பியுள்ளேன் (Anuppiyuḷḷēn),भेजना (Bhejnā) / भेजा (Bhejā) / भेज चुका (Bhej Chukā)
35,Teach / Taught / Taught,கற்றுக்கொடு (Kaṟṟukkoḍu) / கற்றுக்கொடுத்தேன் (Kaṟṟukkoḍuttēn) / கற்றுக்கொடுத்திருக்கிறேன் (Kaṟṟukkoḍuttirukkirēn),सिखाना (Sikhānā) / सिखाया (Sikhāyā) / सिखा चुका (Sikhā Chukā)
36,Win / Won / Won,வெற்றி பெறு (Veṟṟi Peṟu) / வெற்றி பெற்றேன் (Veṟṟi Peṟṟēn) / வெற்றி பெற்றிருக்கிறேன் (Veṟṟi Peṟṟirukkirēn),जीतना (Jītnā) / जीता (Jītā) / जीत चुका (Jīt Chukā)
37,Stand / Stood / Stood,நில் (Nil) / நின்றேன் (Ninṟēn) / நின்றிருக்கிறேன் (Ninṟirukkirēn),खड़ा होना (Khaṛā Honā) / खड़ा हुआ (Khaṛā Huā) / खड़ा हो चुका (Khaṛā Ho Chukā)
38,Sit / Sat / Sat,உட்கார் (Uṭkār) / உட்கார்ந்தேன் (Uṭkārndhēn) / உட்கார்ந்திருக்கிறேன் (Uṭkārndhirukkirēn),बैठना (Baiṭhnā) / बैठा (Baiṭhā) / बैठ चुका (Baiṭh Chukā)
39,Rise / Rose / Risen,எழும்பு (Eḻumbu) / எழும்பினேன் (Eḻumbinēn) / எழும்பியுள்ளேன் (Eḻumbiyuḷḷēn),उठना (Uṭhnā) / उठा (Uṭhā) / उठ चुका (Uṭh Chukā)
40,Fall / Fell / Fallen,விழு (Viḻu) / விழுந்தேன் (Viḻundhēn) / விழுந்திருக்கிறேன் (Viḻundhirukkirēn),गिरना (Gīrnā) / गिरा (Gīrā) / गिर चुका (Gīr Chukā)
41,Drive / Drove / Driven,ஓட்டு (Ōṭṭu) / ஓட்டினேன் (Ōṭṭinēn) / ஓட்டியுள்ளேன் (Ōṭṭiyuḷḷēn),चलाना (Chalānā) / चलाया (Chalāyā) / चला चुका (Chalā Chukā)
42,Forget / Forgot / Forgotten,மற (Maṟa) / மறந்தேன் (Maṟandhēn) / மறந்திருக்கிறேன் (Maṟandhirukkirēn),भूलना (Bhūlnā) / भूला (Bhūlā) / भूल चुका (Bhūl Chukā)
43,Shine / Shone / Shone,பிரகாசி (Pirakāsi) / பிரகாசித்தேன் (Pirakāsittēn) / பிரகாசித்திருக்கிறேன் (Pirakāsittirukkirēn),चमकना (Chamaknā) / चमका (Chamakā) / चमक चुका (Chamak Chukā)
44,Tear / Tore / Torn,கிழி (Kiḻi) / கிழித்தேன் (Kiḻittēn) / கிழித்திருக்கிறேன் (Kiḻittirukkirēn),फाड़ना (Phāṛnā) / फाड़ा (Phāṛā) / फाड़ चुका (Phāṛ Chukā)
45,Throw / Threw / Thrown,எறி (Eṟi) / எறிந்தேன் (Eṟindhēn) / எறிந்திருக்கிறேன் (Eṟindhirukkirēn),फेंकना (Phenknā) / फेंका (Phenkā) / फेंक चुका (Phenk Chukā)
46,Wear / Wore / Worn,அணி (Aṇi) / அணிந்தேன் (Aṇindhēn) / அணிந்திருக்கிறேன் (Aṇindhirukkirēn),पहनना (Pahannā) / पहना (Pahnā) / पहन चुका (Pahan Chukā)
47,Swim / Swam / Swum,நீந்து (Nīndhu) / நீந்தினேன் (Nīndhinēn) / நீந்தியுள்ளேன் (Nīndhiyuḷḷēn),तैरना (Tairnā) / तैरा (Tairā) / तैर चुका (Tair Chukā)
48,Ring / Rang / Rung,அடி (Aḍi - as in bell) / அடித்தேன் (Aḍittēn) / அடித்திருக்கிறேன் (Aḍittirukkirēn),बजाना (Bajānā) / बजाया (Bajāyā) / बजा चुका (Bajā Chukā)
49,Bind / Bound / Bound,கட்டு (Kaṭṭu) / கட்டினேன் (Kaṭṭinēn) / கட்டியுள்ளேன் (Kaṭṭiyuḷḷēn),बांधना (Bāndhnā) / बाँधा (Bāndhā) / बांध चुका (Bāndh Chukā)
50,Creep / Crept / Crept,ஊர் (Ūr) / ஊர்ந்தேன் (Ūrndhēn) / ஊர்ந்திருக்கிறேன் (Ūrndhirukkirēn),रेंगना (Rengnā) / रेंगा (Rengā) / रेंग चुका (Reng Chukā)
51,Deal / Dealt / Dealt,விவஹாரம் செய் (Vivahāram Sey) / விவஹாரம் செய்தேன் (Vivahāram Seydhēn) / விவஹாரம் செய்திருக்கிறேன் (Vivahāram Seydhirukkirēn),व्यवहार करना (Vyavahār Karnā) / व्यवहार किया (Vyavahār Kiyā) / व्यवहार कर चुका (Vyavahār Kar Chukā)
52,Feed / Fed / Fed,உணவளி (Uṇavaḷi) / உணவளித்தேன் (Uṇavaḷittēn) / உணவளித்திருக்கிறேன் (Uṇavaḷittirukkirēn),खिलाना (Khilānā) / खिलाया (Khilāyā) / खिला चुका (Khilā Chukā)
53,Fight / Fought / Fought,போராடு (Pōrāḍu) / போராடினேன் (Pōrāḍinēn) / போராடியுள்ளேன் (Pōrāḍiyuḷḷēn),लड़ना (Laṛnā) / लड़ा (Laṛā) / लड़ चुका (Laṛ Chukā)
54,Gamble / Gambled / Gambled,சூதாடு (Sūdhāḍu) / சூதாடினேன் (Sūdhāḍinēn) / சூதாடியுள்ளேன் (Sūdhāḍiyuḷḷēn),जुआ खेलना (Juā Khelnā) / जुआ खेला (Juā Khelā) / जुआ खेल चुका (Juā Khel Chukā)
55,Grind / Ground / Ground,அரை (Arai) / அரைத்தேன் (Araittēn) / அரைத்திருக்கிறேன் (Araittirukkirēn),पीसना (Pīsnā) / पीसा (Pīsā) / पीस चुका (Pīs Chukā)
56,Hang / Hung / Hung,தொங்கு (Toṅgu) / தொங்கினேன் (Toṅginēn) / தொங்கியுள்ளேன் (Toṅgiyuḷḷēn),टांगना (Tāṅgnā) / टांगा (Tāṅgā) / टांग चुका (Tāṅg Chukā)
57,Hurt / Hurt / Hurt,புண்படுத்து (Puṇpaḍuttu) / புண்படுத்தினேன் (Puṇpaḍuttinēn) / புண்படுத்தியுள்ளேன் (Puṇpaḍuttiyuḷḷēn),चोट पहुँचाना (Choṭ Pahuñchānā) / चोट पहुँचाया (Choṭ Pahuñchāyā) / चोट पहुँचा चुका (Choṭ Pahuñchā Chukā)
58,Kneel / Knelt / Knelt,முழங்காலிடு (Muḻaṅgāliḍu) / முழங்காலிட்டேன் (Muḻaṅgāliṭṭēn) / முழங்காலிட்டிருக்கிறேன் (Muḻaṅgāliṭṭirukkirēn),घुटने टेकना (Ghuṭne Ṭeknā) / घुटने टेका (Ghuṭne Ṭekā) / घुटने टेक चुका (Ghuṭne Ṭek Chukā)
59,Lie / Lay / Lain,படுத்துக்கொள் (Paḍuttukkoḷ) / படுத்துக்கொண்டேன் (Paḍuttukkoṇḍēn) / படுத்துக்கொண்டிருக்கிறேன் (Paḍuttukkoṇḍirukkirēn),लेटना (Leṭnā) / लेटा (Leṭā) / लेट चुका (Leṭ Chukā)
60,Lose / Lost / Lost,இழ (Iḻa) / இழந்தேன் (Iḻandhēn) / இழந்திருக்கிறேன் (Iḻandhirukkirēn),खोना (Khonā) / खोया (Khoyā) / खो चुका (Kho Chukā)
61,Make / Made / Made,உருவாக்கு (Uruvaakku) / உருவாக்கினேன் (Uruvaakkinēn) / உருவாக்கியுள்ளேன் (Uruvaakkiyuḷḷēn),बनाना (Banānā) / बनाया (Banāyā) / बना चुका (Banā Chukā)
62,Mistake / Mistook / Mistaken,தவறாகக்கொள் (Tavaṟaakkol) / தவறாகக்கொண்டேன் (Tavaṟaakkoṇḍēn) / தவறாகக்கொண்டிருக்கிறேன் (Tavaṟaakkoṇḍirukkirēn),गलती करना (Galtī Karnā) / गलती की (Galtī Kī) / गलती कर चुका (Galtī Kar Chukā)
63,Overcome / Overcame / Overcome,வெல் (Vel) / வென்றேன் (Venṟēn) / வென்றிருக்கிறேன் (Venṟirukkirēn),जीतना (Jītnā) / जीता (Jītā) / जीत चुका (Jīt Chukā)
64,Prove / Proved / Proven,நிரூபி (Nirūpi) / நிரூபித்தேன் (Nirūpittēn) / நிரூபித்திருக்கிறேன் (Nirūpittirukkirēn),साबित करना (Sābit Karnā) / साबित किया (Sābit Kiyā) / साबित कर चुका (Sābit Kar Chukā)
65,Ride / Rode / Ridden,சவாரி செய் (Savāri Sey) / சவாரி செய்தேன் (Savāri Seydhēn) / சவாரி செய்திருக்கிறேன் (Savāri Seydhirukkirēn),सवारी करना (Savārī Karnā) / सवारी की (Savārī Kī) / सवारी कर चुका (Savārī Kar Chukā)
66,Seek / Sought / Sought,தேடு (Tēḍu) / தேடினேன் (Tēḍinēn) / தேடியுள்ளேன் (Tēḍiyuḷḷēn),खोजना (Khojnā) / खोजा (Khojā) / खोज चुका (Khoj Chukā)
67,Sell / Sold / Sold,விற்று (Viṟṟu) / விற்றேன் (Viṟṟēn) / விற்றிருக்கிறேன் (Viṟṟirukkirēn),बेचना (Bechnā) / बेचा (Bechā) / बेच चुका (Bech Chukā)
68,Shoot / Shot / Shot,சுடு (Suḍu) / சுட்டேன் (Suṭṭēn) / சுட்டிருக்கிறேன் (Suṭṭirukkirēn),गोली मारना (Golī Māranā) / गोली मारी (Golī Mārī) / गोली मार चुका (Golī Mār Chukā)
69,Shut / Shut / Shut,மூடு (Mūḍu) / மூடினேன் (Mūḍinēn) / மூடியுள்ளேன் (Mūḍiyuḷḷēn),बंद करना (Band Karnā) / बंद किया (Band Kiyā) / बंद कर चुका (Band Kar Chukā)
70,Smell / Smelled / Smelled,நுகர் (Nukar) / நுகர்ந்தேன் (Nukarndhēn) / நுகர்ந்திருக்கிறேன் (Nukarndhirukkirēn),सूँघना (Sūn̐ghnā) / सूँघा (Sūn̐ghā) / सूँघ चुका (Sūn̐gh Chukā)
71,Sow / Sowed / Sown,விதை (Vithai) / விதைத்தேன் (Vithaittēn) / விதைத்திருக்கிறேன் (Vithaittirukkirēn),बोना (Bonā) / बोया (Boyā) / बो चुका (Bo Chukā)
72,Stick / Stuck / Stuck,ஒட்டு (Oṭṭu) / ஒட்டினேன் (Oṭṭinēn) / ஒட்டியுள்ளேன் (Oṭṭiyuḷḷēn),चिपकाना (Chipkānā) / चिपकाया (Chipkāyā) / चिपका चुका (Chipkā Chukā)
73,Strike / Struck / Struck,தாக்கு (Tākku) / தாக்கினேன் (Tākkinēn) / தாக்கியுள்ளேன் (Tākkiyuḷḷēn),टकराना (Ṭakrānā) / टकराया (Ṭakrāyā) / टकरा चुका (Ṭakrā Chukā)
74,Sweep / Swept / Swept,கூட்டு (Kūṭṭu) / கூட்டினேன் (Kūṭṭinēn) / கூட்டியுள்ளேன் (Kūṭṭiyuḷḷēn),झाड़ू लगाना (Jhāṛū Lagānā) / झाड़ू लगाया (Jhāṛū Lagāyā) / झाड़ू लगा चुका (Jhāṛū Lagā Chukā)
75,Undo / Undid / Undone,அவிழ்த்துவிடு (Aḻviltuviḍu) / அவிழ்த்துவிட்டேன் (Aḻviltuviṭṭēn) / அவிழ்த்துவிட்டிருக்கிறேன் (Aḻviltuviṭṭirukkirēn),खोलना (Kholnā) / खोला (Kholā) / खोल चुका (Khol Chukā)
76,Upset / Upset / Upset,மனம் வருந்து (Maṉam Varundhu) / மனம் வருந்தினேன் (Maṉam Varundhinēn) / மனம் வருந்தியுள்ளேன் (Maṉam Varundhiyuḷḷēn),परेशान करना (Pareshān Karnā) / परेशान किया (Pareshān Kiyā) / परेशान कर चुका (Pareshān Kar Chukā)
77,Weep / Wept / Wept,அழு (Aḻu) / அழுதேன் (Aḻudēn) / அழுதிருக்கிறேன் (Aḻudhirukkirēn),रोना (Ronā) / रोया (Royā) / रो चुका (Ro Chukā)
78,Whip / Whipped / Whipped,சாட்டை அடி (Sāṭṭai Aḍi) / சாட்டை அடித்தேன் (Sāṭṭai Aḍittēn) / சாட்டை அடித்திருக்கிறேன் (Sāṭṭai Aḍittirukkirēn),कोड़े मारना (Koṛe Māranā) / कोड़े मारे (Koṛe Māre) / कोड़े मार चुका (Koṛe Mār Chukā)
79,Wind / Wound / Wound,சுற்று (Suṟṟu) / சுற்றினேன் (Suṟṟinēn) / சுற்றியுள்ளேன் (Suṟṟiyuḷḷēn),लपेटना (Lapeṭnā) / लपेटा (Lapeṭā) / लपेट चुका (Lapeṭ Chukā)
80,Withdraw / Withdrew / Withdrawn,திரும்பப் பெறு (Tirumbap Peṟu) / திரும்பப் பெற்றேன் (Tirumbap Peṟṟēn) / திரும்பப் பெற்றிருக்கிறேன் (Tirumbap Peṟṟirukkirēn),वापस लेना (Vāpas Lenā) / वापस लिया (Vāpas Liyā) / वापस ले चुका (Vāpas Le Chukā)
81,Write / Wrote / Written,எழுது (Eḻudu) / எழுதினேன் (Eḻudinēn) / எழுதியுள்ளேன் (Eḻutiyuḷḷēn),लिखना (Likhna) / लिखा (Likhā) / लिख चुका (Likh Chukā)
82,Be / Was/Were / Been,இரு (Iru) / இருந்தேன் (Irundhēn) / இருந்திருக்கிறேன் (Irundhirukkirēn),होना (Honā) / था/थे/थी (Thā/The/Thī) / हो चुका (Ho Chukā)
83,Become / Became / Become,ஆகு (Āgu) / ஆனேன் (Ānēn) / ஆயிருக்கிறேன் (Āyirukkirēn),बनना (Bannā) / बना (Banā) / बन चुका (Ban Chukā)
84,Beat / Beat / Beaten,அடி (Aḍi) / அடித்தேன் (Aḍittēn) / அடித்திருக்கிறேன் (Aḍittirukkirēn),पीटना (Pīṭnā) / पीटा (Pīṭā) / पीट चुका (Pīṭ Chukā)
85,Cost / Cost / Cost,விலையிடு (Vilayyiḍu) / விலையிட்டேன் (Vilayyiṭṭēn) / விலையிட்டிருக்கிறேன் (Vilayyiṭṭirukkirēn),कीमत होना (Kīmat Honā) / कीमत हुई (Kīmat Huī) / कीमत हो चुकी (Kīmat Ho Chukī)
86,Do / Did / Done,செய் (Sey) / செய்தேன் (Seydhēn) / செய்திருக்கிறேன் (Seydhirukkirēn),करना (Karnā) / किया (Kiyā) / कर चुका (Kar Chukā)
87,Draw / Drew / Drawn,வரை (Varai) / வரைந்தேன் (Varaindhēn) / வரைந்திருக்கிறேன் (Varaindhirukkirēn),खींचना (Khīnchnā) / खींचा (Khīnchā) / खींच चुका (Khīnch Chukā)
88,Feel / Felt / Felt,உணர் (Uṇar) / உணர்ந்தேன் (Uṇarndhēn) / உணர்ந்திருக்கிறேன் (Uṇarndhirukkirēn),महसूस करना (Mahsūs Karnā) / महसूस किया (Mahsūs Kiyā) / महसूस कर चुका (Mahsūs Kar Chukā)
89,Get / Got / Gotten,பெறு (Peṟu) / பெற்றேன் (Peṟṟēn) / பெற்றிருக்கிறேன் (Peṟṟirukkirēn),पाना (Pānā) / पाया (Pāyā) / पा चुका (Pā Chukā)
90,Grow / Grew / Grown,வளர் (Vaḷar) / வளர்ந்தேன் (Vaḷarndhēn) / வளர்ந்திருக்கிறேன் (Vaḷarndhirukkirēn),बढ़ना (Baṛhnā) / बढ़ा (Baṛhā) / बढ़ चुका (Baṛh Chukā)
91,Hide / Hid / Hidden,மறை (Maṟai) / மறைத்தேன் (Maṟaittēn) / மறைத்திருக்கிறேன் (Maṟaittirukkirēn),छिपना (Chhipnā) / छिपा (Chhipā) / छिप चुका (Chhip Chukā)
92,Lie / Lied / Lied,பொய் சொல் (Poy Sol) / பொய் சொன்னேன் (Poy Sonnēn) / பொய் சொல்லியிருக்கிறேன் (Poy Solliyirukkirēn),झूठ बोलना (Jhūṭh Bolnā) / झूठ बोला (Jhūṭh Bolā) / झूठ बोल चुका (Jhūṭh Bol Chukā)
93,Mean / Meant / Meant,பொருள் கொள் (Poruḷ Koḷ) / பொருள் கொண்டேன் (Poruḷ Koṇḍēn) / பொருள் கொண்டிருக்கிறேன் (Poruḷ Koṇḍirukkirēn),मतलब होना (Matlab Honā) / मतलब हुआ (Matlab Huā) / मतलब हो चुका (Matlab Ho Chukā)
94,Prove / Proved / Proved,நிரூபி (Nirūpi) / நிரூபித்தேன் (Nirūpittēn) / நிரூபித்திருக்கிறேன் (Nirūpittirukkirēn),सिद्ध करना (Siddh Karnā) / सिद्ध किया (Siddh Kiyā) / सिद्ध कर चुका (Siddh Kar Chukā)
95,Show / Showed / Shown,காட்டு (Kāṭṭu) / காட்டினேன் (Kāṭṭinēn) / காட்டியுள்ளேன் (Kāṭṭiyuḷḷēn),दिखाना (Dikhānā) / दिखाया (Dikhāyā) / दिखा चुका (Dikhā Chukā)
96,Shut / Shut / Shut,மூடு (Mūḍu) / மூடினேன் (Mūḍinēn) / மூடியுள்ளேன் (Mūḍiyuḷḷēn),बंद करना (Band Karnā) / बंद किया (Band Kiyā) / बंद कर चुका (Band Kar Chukā)
97,Swell / Swelled / Swollen,வீங்கு (Vīṅgu) / வீங்கினேன் (Vīṅginēn) / வீங்கியுள்ளேன் (Vīṅgiyuḷḷēn),सूजना (Sūjnā) / सूजा (Sūjā) / सूज चुका (Sūj Chukā)
98,Wake / Woke / Woken,விழி (Viḻi) / விழித்தேன் (Viḻittēn) / விழித்திருக்கிறேன் (Viḻittirukkirēn),जागना (Jāgnā) / जागा (Jāgā) / जाग चुका (Jāg Chukā)
99,Wish / Wished / Wished,வாழ்த்து (Vāḻttu) / வாழ்த்தினேன் (Vāḻttinēn) / வாழ்த்தியுள்ளேன் (Vāḻttiyuḷḷēn),चाहना (Chāhnā) / चाहा (Chāhā) / चाह चुका (Chāh Chukā)
100,Worry / Worried / Worried,கவலைப்படு (Kavalaippaḍu) / கவலைப்பட்டேன் (Kavalaippaṭṭēn) / கவலைப்பட்டிருக்கிறேன் (Kavalaippaṭṭirukkirēn),चिंता करना (Chintā Karnā) / चिंता की (Chintā Kī) / चिंता कर चुका (Chintā Kar Chukā)
101,Accept / Accepted / Accepted,ஏற்றுக்கொள் (Ēṟṟukkoḷ) / ஏற்றுக்கொண்டேன் (Ēṟṟukkoṇḍēn) / ஏற்றுக்கொண்டிருக்கிறேன் (Ēṟṟukkoṇḍirukkirēn),स्वीकार करना (Svīkār Karnā) / स्वीकार किया (Svīkār Kiyā) / स्वीकार कर चुका (Svīkār Kar Chukā)
102,Achieve / Achieved / Achieved,அடை (Aḍai) / அடைந்தேன் (Aḍaindhēn) / அடைந்திருக்கிறேன் (Aḍaindhirukkirēn),हासिल करना (Hāsil Karnā) / हासिल किया (Hāsil Kiyā) / हासिल कर चुका (Hāsil Kar Chukā)
103,Add / Added / Added,சேர் (Sēr) / சேர்த்தேன் (Sērttēn) / சேர்த்திருக்கிறேன் (Sērttirukkirēn),जोड़ना (Joṛnā) / जोड़ा (Joṛā) / जोड़ चुका (Joṛ Chukā)
104,Advise / Advised / Advised,ஆலோசனை சொல் (Ālōsanai Sol) / ஆலோசனை சொன்னேன் (Ālōsanai Sonnēn) / ஆலோசனை சொல்லியிருக்கிறேன் (Ālōsanai Solliyirukkirēn),सलाह देना (Salāh Denā) / सलाह दी (Salāh Dī) / सलाह दे चुका (Salāh De Chukā)
105,Allow / Allowed / Allowed,அனுமதி (Anumathi) / அனுமதித்தேன் (Anumathittēn) / அனுமதித்திருக்கிறேன் (Anumathittirukkirēn),इजाज़त देना (Ijāzat Denā) / इजाज़त दी (Ijāzat Dī) / इजाज़त दे चुका (Ijāzat De Chukā)
106,Answer / Answered / Answered,பதிலளி (Padhilali) / பதிலளித்தேன் (Padhilalittēn) / பதிலளித்திருக்கிறேன் (Padhilalittirukkirēn),जवाब देना (Javāb Denā) / जवाब दिया (Javāb Diyā) / जवाब दे चुका (Javāb De Chukā)
107,Appear / Appeared / Appeared,தோன்று (Tōnṟu) / தோன்றினேன் (Tōnṟinēn) / தோன்றியுள்ளேன் (Tōnṟiyuḷḷēn),दिखाई देना (Dikhāī Denā) / दिखाई दिया (Dikhāī Diyā) / दिखाई दे चुका (Dikhāī De Chukā)
108,Arrange / Arranged / Arranged,ஏற்பாடு செய் (Ērpaaḍu Sey) / ஏற்பாடு செய்தேன் (Ērpaaḍu Seydhēn) / ஏற்பாடு செய்திருக்கிறேன் (Ērpaaḍu Seydhirukkirēn),इंतज़ाम करना (Intazām Karnā) / इंतज़ाम किया (Intazām Kiyā) / इंतज़ाम कर चुका (Intazām Kar Chukā)
109,Arrive / Arrived / Arrived,சேர் (Sēr) / சேர்ந்தேன் (Sērndhēn) / சேர்ந்திருக்கிறேன் (Sērndhirukkirēn),पहुंचना (Pahuñchnā) / पहुंचा (Pahuñchā) / पहुंच चुका (Pahuñch Chukā)
110,Ask / Asked / Asked,கேள் (Kēḷ) / கேட்டேன் (Kēṭṭēn) / கேட்டிருக்கிறேன் (Kēṭṭirukkirēn),पूछना (Pūchnā) / पूछा (Pūchā) / पूछ चुका (Pūch Chukā)
111,Attach / Attached / Attached,இணை (Iṇai) / இணைத்தேன் (Iṇaittēn) / இணைத்திருக்கிறேன் (Iṇaittirukkirēn),जोड़ना (Joṛnā) / जोड़ा (Joṛā) / जोड़ चुका (Joṛ Chukā)
112,Avoid / Avoided / Avoided,தவிர் (Tavir) / தவிர்த்தேன் (Tavirttēn) / தவிர்த்திருக்கிறேன் (Tavirttirukkirēn),बचना (Bachnā) / बचा (Bachā) / बच चुका (Bach Chukā)
113,Bake / Baked / Baked,சுடு (Suḍu) / சுட்டேன் (Suṭṭēn) / சுட்டிருக்கிறேன் (Suṭṭirukkirēn),सेंकना (Sēnknā) / सेंका (Sēnkā) / सेंक चुका (Sēnk Chukā)
114,Behave / Behaved / Behaved,நடந்துகொள் (Naḍandhukoḷ) / நடந்துகொண்டேன் (Naḍandhukoṇḍēn) / நடந்துகொண்டிருக்கிறேன் (Naḍandhukoṇḍirukkirēn),व्यवहार करना (Vyavahār Karnā) / व्यवहार किया (Vyavahār Kiyā) / व्यवहार कर चुका (Vyavahār Kar Chukā)
115,Believe / Believed / Believed,நம்பு (Nambu) / நம்பினேன் (Nambinēn) / நம்பியுள்ளேன் (Nambiyuḷḷēn),विश्वास करना (Viśvās Karnā) / विश्वास किया (Viśvās Kiyā) / विश्वास कर चुका (Viśvās Kar Chukā)
116,Call / Called / Called,அழை (Aḻai) / அழைத்தேன் (Aḻaittēn) / அழைத்திருக்கிறேன் (Aḻaittirukkirēn),बुलाना (Bulānā) / बुलाया (Bulāyā) / बुला चुका (Bulā Chukā)
117,Cancel / Canceled / Canceled,ரத்துசெய் (Raththusey) / ரத்துசெய்தேன் (Raththuseydhēn) / ரத்துசெய்திருக்கிறேன் (Raththuseydhirukkirēn),रद्द करना (Radd Karnā) / रद्द किया (Radd Kiyā) / रद्द कर चुका (Radd Kar Chukā)
118,Carry / Carried / Carried,சுமந்துசெல் (Sumandhusel) / சுமந்துசென்றேன் (Sumandhusenṟēn) / சுமந்துசென்றிருக்கிறேன் (Sumandhusenṟirukkirēn),ले जाना (Le Jānā) / ले गया (Le Gayā) / ले जा चुका (Le Jā Chukā)
119,Change / Changed / Changed,மாற்று (Māṟṟu) / மாற்றினேன் (Māṟṟinēn) / மாற்றியுள்ளேன் (Māṟṟiyuḷḷēn),बदलना (Badalnā) / बदला (Badalā) / बदल चुका (Badal Chukā)
120,Clean / Cleaned / Cleaned,சுத்தப்படுத்து (Sutthappaḍuttu) / சுத்தப்படுத்தினேன் (Sutthappaḍuttinēn) / சுத்தப்படுத்தியுள்ளேன் (Sutthappaḍuttiyuḷḷēn),साफ़ करना (Sāf Karnā) / साफ़ किया (Sāf Kiyā) / साफ़ कर चुका (Sāf Kar Chukā)
121,Close / Closed / Closed,மூடு (Mūḍu) / மூடினேன் (Mūḍinēn) / மூடியுள்ளேன் (Mūḍiyuḷḷēn),बंद करना (Band Karnā) / बंद किया (Band Kiyā) / बंद कर चुका (Band Kar Chukā)
122,Collect / Collected / Collected,சேகரி (Sēgari) / சேகரித்தேன் (Sēgarittēn) / சேகரித்திருக்கிறேன் (Sēgarittirukkirēn),इकट्ठा करना (Ikaṭṭhā Karnā) / इकट्ठा किया (Ikaṭṭhā Kiyā) / इकट्ठा कर चुका (Ikaṭṭhā Kar Chukā)
123,Compare / Compared / Compared,ஒப்பிடு (Oppidḍu) / ஒப்பிட்டேன் (Oppidḍēn) / ஒப்பிட்டிருக்கிறேன் (Oppidḍirukkirēn),तुलना करना (Tulanā Karnā) / तुलना की (Tulanā Kī) / तुलना कर चुका (Tulanā Kar Chukā)
124,Complain / Complained / Complained,புகார் செய் (Pugār Sey) / புகார் செய்தேன் (Pugār Seydhēn) / புகார் செய்திருக்கிறேன் (Pugār Seydhirukkirēn),शिकायत करना (Shikāyat Karnā) / शिकायत की (Shikāyat Kī) / शिकायत कर चुका (Shikāyat Kar Chukā)
125,Complete / Completed / Completed,முழுமையாக்கு (Muḻumaiyākku) / முழுமையாக்கினேன் (Muḻumaiyākkinēn) / முழுமையாக்கியுள்ளேன் (Muḻumaiyākkiyuḷḷēn),पूरा करना (Pūrā Karnā) / पूरा किया (Pūrā Kiyā) / पूरा कर चुका (Pūrā Kar Chukā)
126,Cook / Cooked / Cooked,சமை (Samai) / சமைத்தேன் (Samaittēn) / சமைத்திருக்கிறேன் (Samaittirukkirēn),पकाना (Pakānā) / पकाया (Pakāyā) / पका चुका (Pakā Chukā)
127,Copy / Copied / Copied,நகலெடு (Nagaḷeḍu) / நகலெடுத்தேன் (Nagaḷeḍuttēn) / நகலெடுத்திருக்கிறேன் (Nagaḷeḍuttirukkirēn),नकल करना (Nakal Karnā) / नकल की (Nakal Kī) / नकल कर चुका (Nakal Kar Chukā)
128,Count / Counted / Counted,எண்ணு (Eṇṇu) / எண்ணினேன் (Eṇṇinēn) / எண்ணியுள்ளேன் (Eṇṇiyuḷḷēn),गिनना (Ginnā) / गिना (Ginā) / गिन चुका (Gin Chukā)
129,Damage / Damaged / Damaged,சேதப்படுத்து (Sēdhappaḍuttu) / சேதப்படுத்தினேன் (Sēdhappaḍuttinēn) / சேதப்படுத்தியுள்ளேன் (Sēdhappaḍuttiyuḷḷēn),नुकसान पहुंचाना (Nuksān Pahuñchānā) / नुकसान पहुंचाया (Nuksān Pahuñchāyā) / नुकसान पहुंचा चुका (Nuksān Pahuñchā Chukā)
130,Dance / Danced / Danced,நடனம் ஆடு (Naḍaṉam Āḍu) / நடனம் ஆடினேன் (Naḍaṉam Āḍinēn) / நடனம் ஆடியுள்ளேன் (Naḍaṉam Āḍiyuḷḷēn),नाचना (Nāchnā) / नाचा (Nāchā) / नाच चुका (Nāch Chukā)
131,Decide / Decided / Decided,முடிவெடு (Muḍiveḍu) / முடிவெடுத்தேன் (Muḍiveḍuttēn) / முடிவெடுத்திருக்கிறேன் (Muḍiveḍuttirukkirēn),फैसला करना (Faislā Karnā) / फैसला किया (Faislā Kiyā) / फैसला कर चुका (Faislā Kar Chukā)
132,Deliver / Delivered / Delivered,வழங்கு (Vaḻaṅgu) / வழங்கினேன் (Vaḻaṅginēn) / வழங்கியுள்ளேன் (Vaḻaṅgiyuḷḷēn),पहुंचाना (Pahuñchānā) / पहुंचाया (Pahuñchāyā) / पहुंचा चुका (Pahuñchā Chukā)
133,Depend / Depended / Depended,சார்ந்திரு (Sārndhiru) / சார்ந்திருந்தேன் (Sārndhirundhēn) / சார்ந்திருந்திருக்கிறேன் (Sārndhirundhirukkirēn),निर्भर करना (Nirbhar Karnā) / निर्भर किया (Nirbhar Kiyā) / निर्भर कर चुका (Nirbhar Kar Chukā)
134,Describe / Described / Described,விவரி (Vivari) / விவரித்தேன் (Vivarittēn) / விவரித்திருக்கிறேன் (Vivarittirukkirēn),वर्णन करना (Varṇan Karnā) / वर्णन किया (Varṇan Kiyā) / वर्णन कर चुका (Varṇan Kar Chukā)
135,Develop / Developed / Developed,வளர்ச்சி செய் (Vaḷarcci Sey) / வளர்ச்சி செய்தேன் (Vaḷarcci Seydhēn) / வளர்ச்சி செய்திருக்கிறேன் (Vaḷarcci Seydhirukkirēn),विकसित करना (Viksit Karnā) / विकसित किया (Viksit Kiyā) / विकसित कर चुका (Viksit Kar Chukā)
136,Die / Died / Died,இற (Iṟa) / இறந்தேன் (Iṟandhēn) / இறந்திருக்கிறேன் (Iṟandhirukkirēn),मरना (Marnā) / मरा (Marā) / मर चुका (Mar Chukā)
137,Disappear / Disappeared / Disappeared,மறை (Maṟai) / மறைந்தேன் (Maṟaindhēn) / மறைந்திருக்கிறேன் (Maṟaindhirukkirēn),गायब होना (Gāyab Honā) / गायब हुआ (Gāyab Huā) / गायब हो चुका (Gāyab Ho Chukā)
138,Discover / Discovered / Discovered,கண்டுபிடி (Kaṇḍupiḍi) / கண்டுபிடித்தேன் (Kaṇḍupiḍittēn) / கண்டுபிடித்திருக்கிறேன் (Kaṇḍupiḍittirukkirēn),खोजना (Khojnā) / खोजा (Khojā) / खोज चुका (Khoj Chukā)
139,Disturb / Disturbed / Disturbed,தொந்தரவு செய் (Tondharavu Sey) / தொந்தரவு செய்தேன் (Tondharavu Seydhēn) / தொந்தரவு செய்திருக்கிறேன் (Tondharavu Seydhirukkirēn),परेशान करना (Pareshān Karnā) / परेशान किया (Pareshān Kiyā) / परेशान कर चुका (Pareshān Kar Chukā)
140,Divide / Divided / Divided,பிரி (Piri) / பிரித்தேன் (Pirittēn) / பிரித்திருக்கிறேன் (Pirittirukkirēn),बांटना (Bāṇṭnā) / बांटा (Bāṇṭā) / बांट चुका (Bāṇṭ Chukā)
141,Dream / Dreamed / Dreamed,கனவு காண் (Kaṉavu Kāṇ) / கனவு கண்டேன் (Kaṉavu Kaṇḍēn) / கனவு கண்டிருக்கிறேன் (Kaṉavu Kaṇḍirukkirēn),सपना देखना (Sapnā Dekhnā) / सपना देखा (Sapnā Dekhā) / सपना देख चुका (Sapnā Dekh Chukā)
142,Drop / Dropped / Dropped,விடு (Viḍu) / விட்டேன் (Viṭṭēn) / விட்டிருக்கிறேன் (Viṭṭirukkirēn),गिराना (Girānā) / गिराया (Girāyā) / गिरा चुका (Girā Chukā)
143,Earn / Earned / Earned,சம்பாதி (Sambādhi) / சம்பாதித்தேன் (Sambādhittēn) / சம்பாதித்திருக்கிறேன் (Sambādhittirukkirēn),कमाना (Kamānā) / कमाया (Kamāyā) / कमा चुका (Kamā Chukā)
144,Educate / Educated / Educated,கற்பி (Kaṟpi) / கற்பித்தேன் (Kaṟpittēn) / கற்பித்திருக்கிறேன் (Kaṟpittirukkirēn),शिक्षित करना (Shikshit Karnā) / शिक्षित किया (Shikshit Kiyā) / शिक्षित कर चुका (Shikshit Kar Chukā)
145,Employ / Employed / Employed,வேலைக்கமர்த்து (Vēlaikkamarthu) / வேலைக்கமர்த்தினேன் (Vēlaikkamarthinēn) / வேலைக்கமர்த்தியுள்ளேன் (Vēlaikkamarthiyuḷḷēn),रोजगार देना (Rojgār Denā) / रोजगार दिया (Rojgār Diyā) / रोजगार दे चुका (Rojgār De Chukā)
146,End / Ended / Ended,முடிவு செய் (Muḍivu Sey) / முடிவு செய்தேன் (Muḍivu Seydhēn) / முடிவு செய்திருக்கிறேன் (Muḍivu Seydhirukkirēn),समाप्त करना (Samāpt Karnā) / समाप्त किया (Samāpt Kiyā) / समाप्त कर चुका (Samāpt Kar Chukā)
147,Enjoy / Enjoyed / Enjoyed,மகிழ் (Magiḻ) / மகிழ்ந்தேன் (Magiḻndhēn) / மகிழ்ந்திருக்கிறேன் (Magiḻndhirukkirēn),आनंद लेना (Ānand Lenā) / आनंद लिया (Ānand Liyā) / आनंद ले चुका (Ānand Le Chukā)
148,Enter / Entered / Entered,நுழை (Nuḻai) / நுழைந்தேன் (Nuḻaindhēn) / நுழைந்திருக்கிறேன் (Nuḻaindhirukkirēn),प्रवेश करना (Praveś Karnā) / प्रवेश किया (Praveś Kiyā) / प्रवेश कर चुका (Praveś Kar Chukā)
149,Escape / Escaped / Escaped,தப்பி (Tappi) / தப்பித்தேன் (Tappittēn) / தப்பித்திருக்கிறேன் (Tappittirukkirēn),भाग जाना (Bhāg Jānā) / भाग गया (Bhāg Gayā) / भाग चुका (Bhāg Chukā)
150,Examine / Examined / Examined,ஆய்வுசெய் (Āyvusey) / ஆய்வுசெய்தேன் (Āyvuseydhēn) / ஆய்வுசெய்திருக்கிறேன் (Āyvuseydhirukkirēn),जांच करना (Jānch Karnā) / जांच किया (Jānch Kiyā) / जांच कर चुका (Jānch Kar Chukā)
151,Explain / Explained / Explained,விளக்கு (Viḷakku) / விளக்கினேன் (Viḷakkinēn) / விளக்கியுள்ளேன் (Viḷakkiyuḷḷēn),समझाना (Samjhānā) / समझाया (Samjhāyā) / समझा चुका (Samjhā Chukā)
152,Fail / Failed / Failed,தோல்வி அடை (Tōlvi Aḍai) / தோல்வி அடைந்தேன் (Tōlvi Aḍaindhēn) / தோல்வி அடைந்திருக்கிறேன் (Tōlvi Aḍaindhirukkirēn),असफल होना (Asafal Honā) / असफल हुआ (Asafal Huā) / असफल हो चुका (Asafal Ho Chukā)
153,Fear / Feared / Feared,பயப்படு (Bayappaḍu) / பயந்தேன் (Bayandhēn) / பயந்திருக்கிறேன் (Bayandhirukkirēn),डरना (Ḍarnā) / डरा (Ḍarā) / डर चुका (Ḍar Chukā)
154,Fix / Fixed / Fixed,சரிசெய் (Sarisey) / சரிசெய்தேன் (Sariseydhēn) / சரிசெய்திருக்கிறேன் (Sariseydhirukkirēn),ठीक करना (Ṭhīk Karnā) / ठीक किया (Ṭhīk Kiyā) / ठीक कर चुका (Ṭhīk Kar Chukā)
155,Flow / Flowed / Flowed,பாய் (Pāy) / பாய்ந்தேன் (Pāyndhēn) / பாய்ந்திருக்கிறேன் (Pāyndhirukkirēn),बहना (Bahnā) / बहा (Bahā) / बह चुका (Bah Chukā)
156,Follow / Followed / Followed,பின்பற்று (Piṉpaṟṟu) / பின்பற்றினேன் (Piṉpaṟṟinēn) / பின்பற்றியுள்ளேன் (Piṉpaṟṟiyuḷḷēn),पीछा करना (Pīchhā Karnā) / पीछा किया (Pīchhā Kiyā) / पीछा कर चुका (Pīchhā Kar Chukā)
157,Force / Forced / Forced,கட்டாயப்படுத்து (Kaṭṭāyappaḍuttu) / கட்டாயப்படுத்தினேன் (Kaṭṭāyappaḍuttinēn) / கட்டாயப்படுத்தியுள்ளேன் (Kaṭṭāyappaḍuttiyuḷḷēn),मजबूर करना (Majbūr Karnā) / मजबूर किया (Majbūr Kiyā) / मजबूर कर चुका (Majbūr Kar Chukā)
158,Gather / Gathered / Gathered,ஒன்றுசேர் (Onṟusēr) / ஒன்றுசேர்ந்தேன் (Onṟusērndhēn) / ஒன்றுசேர்ந்திருக்கிறேன் (Onṟusērndhirukkirēn),इकट्ठा करना (Ikaṭṭhā Karnā) / इकट्ठा किया (Ikaṭṭhā Kiyā) / इकट्ठा कर चुका (Ikaṭṭhā Kar Chukā)
159,Guess / Guessed / Guessed,ஊகி (Ūgi) / ஊகித்தேன் (Ūgittēn) / ஊகித்திருக்கிறேன் (Ūgittirukkirēn),अनुमान लगाना (Anumān Lagānā) / अनुमान लगाया (Anumān Lagāyā) / अनुमान लगा चुका (Anumān Lagā Chukā)
160,Happen / Happened / Happened,நட (Naḍa) / நடந்தது (Naḍandhadhu) / நடந்திருக்கிறது (Naḍandhirukkiradhu),होना (Honā) / हुआ (Huā) / हो चुका (Ho Chukā)
161,Help / Helped / Helped,உதவி செய் (Udhvi Sey) / உதவி செய்தேன் (Udhvi Seydhēn) / உதவி செய்திருக்கிறேன் (Udhvi Seydhirukkirēn),मदद करना (Madad Karnā) / मदद की (Madad Kī) / मदद कर चुका (Madad Kar Chukā)
162,Hope / Hoped / Hoped,நம்பு (Nambu) / நம்பினேன் (Nambinēn) / நம்பியுள்ளேன் (Nambiyuḷḷēn),आशा करना (Āśā Karnā) / आशा की (Āśā Kī) / आशा कर चुका (Āśā Kar Chukā)
163,Identify / Identified / Identified,அடையாளம் காண் (Aḍaiyaḷam Kāṇ) / அடையாளம் கண்டேன் (Aḍaiyaḷam Kaṇḍēn) / அடையாளம் கண்டிருக்கிறேன் (Aḍaiyaḷam Kaṇḍirukkirēn),पहचानना (Pahchānnā) / पहचाना (Pahchānā) / पहचान चुका (Pahchān Chukā)
164,Imagine / Imagined / Imagined,கற்பனை செய் (Kaṟpanai Sey) / கற்பனை செய்தேன் (Kaṟpanai Seydhēn) / கற்பனை செய்திருக்கிறேன் (Kaṟpanai Seydhirukkirēn),कल्पना करना (Kalpnā Karnā) / कल्पना की (Kalpnā Kī) / कल्पना कर चुका (Kalpnā Kar Chukā)
165,Improve / Improved / Improved,மேம்படுத்து (Mēmbappaḍuttu) / மேம்படுத்தினேன் (Mēmbappaḍuttinēn) / மேம்படுத்தியுள்ளேன் (Mēmbappaḍuttiyuḷḷēn),सुधारना (Sudhārnā) / सुधारा (Sudhārā) / सुधार चुका (Sudhār Chukā)
166,Increase / Increased / Increased,அதிகரி (Adhikari) / அதிகரித்தேன் (Adhikarittēn) / அதிகரித்திருக்கிறேன் (Adhikarittirukkirēn),बढ़ाना (Baṛhānā) / बढ़ाया (Baṛhāyā) / बढ़ा चुका (Baṛhā Chukā)
167,Inform / Informed / Informed,தகவல் கொடு (Thagaval Koḍu) / தகவல் கொடுத்தேன் (Thagaval Koḍuttēn) / தகவல் கொடுத்திருக்கிறேன் (Thagaval Koḍuttirukkirēn),सूचित करना (Sūchit Karnā) / सूचित किया (Sūchit Kiyā) / सूचित कर चुका (Sūchit Kar Chukā)
168,Insist / Insisted / Insisted,வலியுறுத்து (Valiyuruttu) / வலியுறுத்தினேன் (Valiyuruttinēn) / வலியுறுத்தியுள்ளேன் (Valiyuruttiyuḷḷēn),ज़िद करना (Zid Karnā) / ज़िद की (Zid Kī) / ज़िद कर चुका (Zid Kar Chukā)
169,Introduce / Introduced / Introduced,அறிமுகப்படுத்து (Aṟimugappaḍuttu) / அறிமுகப்படுத்தினேன் (Aṟimugappaḍuttinēn) / அறிமுகப்படுத்தியுள்ளேன் (Aṟimugappaḍuttiyuḷḷēn),परिचय कराना (Parichay Karānā) / परिचय कराया (Parichay Karāyā) / परिचय करा चुका (Parichay Karā Chukā)
170,Invite / Invited / Invited,அழை (Aḻai) / அழைத்தேன் (Aḻaittēn) / அழைத்திருக்கிறேன் (Aḻaittirukkirēn),आमंत्रित करना (Āmantrit Karnā) / आमंत्रित किया (Āmantrit Kiyā) / आमंत्रित कर चुका (Āmantrit Kar Chukā)
171,Join / Joined / Joined,சேர் (Sēr) / சேர்ந்தேன் (Sērndhēn) / சேர்ந்திருக்கிறேன் (Sērndhirukkirēn),शामिल होना (Shāmil Honā) / शामिल हुआ (Shāmil Huā) / शामिल हो चुका (Shāmil Ho Chukā)
172,Jump / Jumped / Jumped,குதி (Kudhi) / குதித்தேன் (Kudhittēn) / குதித்திருக்கிறேன் (Kudhittirukkirēn),कूदना (Kūdnā) / कूदा (Kūdā) / कूद चुका (Kūd Chukā)
173,Kick / Kicked / Kicked,உதை (Uthai) / உதைத்தேன் (Uthaittēn) / உதைத்திருக்கிறேன் (Uthaittirukkirēn),लात मारना (Lāt Māranā) / लात मारी (Lāt Mārī) / लात मार चुका (Lāt Mār Chukā)
174,Laugh / Laughed / Laughed,சிரி (Siri) / சிரித்தேன் (Sirittēn) / சிரித்திருக்கிறேன் (Sirittirukkirēn),हँसना (Hañsnā) / हँसा (Hañsā) / हँस चुका (Hañs Chukā)
175,Lend / Lent / Lent,கடன் கொடு (Kaḍan Koḍu) / கடன் கொடுத்தேன் (Kaḍan Koḍuttēn) / கடன் கொடுத்திருக்கிறேன் (Kaḍan Koḍuttirukkirēn),उधार देना (Udhār Denā) / उधार दिया (Udhār Diyā) / उधार दे चुका (Udhār De Chukā)
176,Light / Lit / Lit,எரி (Eri) / எரித்தேன் (Erittēn) / எரித்திருக்கிறேன் (Erittirukkirēn),जलाना (Jalānā) / जलाया (Jalāyā) / जला चुका (Jalā Chukā)
177,Live / Lived / Lived,வாழ் (Vāḻ) / வாழ்ந்தேன் (Vāḻndhēn) / வாழ்ந்திருக்கிறேன் (Vāḻndhirukkirēn),रहना (Rahnā) / रहा (Rahā) / रह चुका (Rah Chukā)
178,Lock / Locked / Locked,பூட்டு (Pūṭṭu) / பூட்டினேன் (Pūṭṭinēn) / பூட்டியுள்ளேன் (Pūṭṭiyuḷḷēn),ताला लगाना (Tālā Lagānā) / ताला लगाया (Tālā Lagāyā) / ताला लगा चुका (Tālā Lagā Chukā)
179,Look / Looked / Looked,பார் (Pār) / பார்த்தேன் (Pārttēn) / பார்த்திருக்கிறேன் (Pārttirukkirēn),देखना (Dekhnā) / देखा (Dekhā) / देख चुका (Dekh Chukā)
180,Manage / Managed / Managed,நிர்வகி (Nirvagi) / நிர்வகித்தேன் (Nirvagittēn) / நிர்வகித்திருக்கிறேன் (Nirvagittirukkirēn),प्रबंध करना (Prabandh Karnā) / प्रबंध किया (Prabandh Kiyā) / प्रबंध कर चुका (Prabandh Kar Chukā)
181,Measure / Measured / Measured,அளவிடு (Aḷaviḍu) / அளவிட்டேன் (Aḷaviṭṭēn) / அளவிட்டிருக்கிறேன் (Aḷaviṭṭirukkirēn),मापना (Māpnā) / मापा (Māpā) / माप चुका (Māp Chukā)
182,Move / Moved / Moved,நகர் (Nagar) / நகர்ந்தேன் (Nagarndhēn) / நகர்ந்திருக்கிறேன் (Nagarndhirukkirēn),चलना (Chalnā) / चला (Chalā) / चल चुका (Chal Chukā)
183,Need / Needed / Needed,தேவைப்படு (Tēvaippaḍu) / தேவைப்பட்டேன் (Tēvaippaṭṭēn) / தேவைப்பட்டிருக்கிறேன் (Tēvaippaṭṭirukkirēn),आवश्यकता होना (Āvaśyaktā Honā) / आवश्यकता हुई (Āvaśyaktā Huī) / आवश्यकता हो चुका (Āvaśyaktā Ho Chukā)
184,Obey / Obeyed / Obeyed,கீழ்ப்படி (Kīḻppaḍi) / கீழ்ப்படிந்தேன் (Kīḻppaḍindhēn) / கீழ்ப்படிந்திருக்கிறேன் (Kīḻppaḍindhirukkirēn),आज्ञा मानना (Āgyā Mānnā) / आज्ञा मानी (Āgyā Mānī) / आज्ञा मान चुका (Āgyā Mān Chukā)
185,Open / Opened / Opened,திற (Tiṟa) / திறந்தேன் (Tiṟandhēn) / திறந்திருக்கிறேன் (Tiṟandhirukkirēn),खोलना (Kholnā) / खोला (Kholā) / खोल चुका (Khol Chukā)
186,Order / Ordered / Ordered,ஆணையிடு (Āṇaiyiḍu) / ஆணையிட்டேன் (Āṇaiyiṭṭēn) / ஆணையிட்டிருக்கிறேன் (Āṇaiyiṭṭirukkirēn),आदेश देना (Ādeś Denā) / आदेश दिया (Ādeś Diyā) / आदेश दे चुका (Ādeś De Chukā)
187,Own / Owned / Owned,சொந்தமாக இரு (Sondhamāga Iru) / சொந்தமாக இருந்தேன் (Sondhamāga Irundhēn) / சொந்தமாக இருந்திருக்கிறேன் (Sondhamāga Irundhirukkirēn),मालिक होना (Mālik Honā) / मालिक हुआ (Mālik Huā) / मालिक हो चुका (Mālik Ho Chukā)
188,Pack / Packed / Packed,பொதி (Podhi) / பொதிந்தேன் (Podhindhēn) / பொதிந்திருக்கிறேன் (Podhindhirukkirēn),बांधना (Bāndhnā) / बांधा (Bāndhā) / बांध चुका (Bāndh Chukā)
189,Paint / Painted / Painted,வண்ணம் பூசு (Vaṇṇam Pūsu) / வண்ணம் பூசினேன் (Vaṇṇam Pūsinēn) / வண்ணம் பூசியுள்ளேன் (Vaṇṇam Pūsiuḷḷēn),रंगना (Raṅgnā) / रंगा (Raṅgā) / रंग चुका (Raṅg Chukā)
190,Pass / Passed / Passed,கடந்து செல் (Kaḍandhu Sel) / கடந்து சென்றேன் (Kaḍandhu Senṟēn) / கடந்து சென்றிருக்கிறேன் (Kaḍandhu Senṟirukkirēn),गुज़रना (Guzarnā) / गुज़रा (Guzarā) / गुज़र चुका (Guzar Chukā)
191,Perform / Performed / Performed,நிகழ்த்து (Nigaḻttu) / நிகழ்த்தினேன் (Nigaḻttinēn) / நிகழ்த்தியுள்ளேன் (Nigaḻttiyuḷḷēn),प्रदर्शन करना (Pradarśan Karnā) / प्रदर्शन किया (Pradarśan Kiyā) / प्रदर्शन कर चुका (Pradarśan Kar Chukā)
192,Plant / Planted / Planted,நடு (Naḍu) / நட்டேன் (Naṭṭēn) / நட்டிருக்கிறேன் (Naṭṭirukkirēn),पौधा लगाना (Paudhā Lagānā) / पौधा लगाया (Paudhā Lagāyā) / पौधा लगा चुका (Paudhā Lagā Chukā)
193,Play / Played / Played,விளையாடு (Viḷaiyāḍu) / விளையாடினேன் (Viḷaiyāḍinēn) / விளையாடியுள்ளேன் (Viḷaiyāḍiyuḷḷēn),खेलना (Khelnā) / खेला (Khelā) / खेल चुका (Khel Chukā)
194,Print / Printed / Printed,அச்சிடு (Achchiḍu) / அச்சிட்டேன் (Achchiṭṭēn) / அச்சிட்டிருக்கிறேன் (Achchiṭṭirukkirēn),छापना (Chhāpnā) / छापा (Chhāpā) / छाप चुका (Chhāp Chukā)
195,Pull / Pulled / Pulled,இழு (Iḻu) / இழுத்தேன் (Iḻuttēn) / இழுத்திருக்கிறேன் (Iḻuttirukkirēn),खींचना (Khīnchnā) / खींचा (Khīnchā) / खींच चुका (Khīnch Chukā)
196,Push / Pushed / Pushed,தள்ளு (Taḷḷu) / தள்ளினேன் (Taḷḷinēn) / தள்ளியுள்ளேன் (Taḷḷiyuḷḷēn),धकेलना (Dhakelnā) / धकेला (Dhakelā) / धकेल चुका (Dhakel Chukā)
197,Receive / Received / Received,பெற்றுக்கொள் (Peṟṟukkoḷ) / பெற்றுக்கொண்டேன் (Peṟṟukkoṇḍēn) / பெற்றுக்கொண்டிருக்கிறேன் (Peṟṟukkoṇḍirukkirēn),प्राप्त करना (Prāpt Karnā) / प्राप्त किया (Prāpt Kiyā) / प्राप्त कर चुका (Prāpt Kar Chukā)
198,Refuse / Refused / Refused,மறு (Maṟu) / மறுதேன் (Maṟuthēn) / மறுத்திருக்கிறேன் (Maṟuthirukkirēn),मना करना (Manā Karnā) / मना किया (Manā Kiyā) / मना कर चुका (Manā Kar Chukā)
199,Remember / Remembered / Remembered,நினைவில் கொள் (Niṉaivil Koḷ) / நினைவில் கொண்டேன் (Niṉaivil Koṇḍēn) / நினைவில் கொண்டிருக்கிறேன் (Niṉaivil Koṇḍirukkirēn),याद रखना (Yād Rakhnā) / याद रखा (Yād Rakhā) / याद रख चुका (Yād Rakh Chukā)
200,Reply / Replied / Replied,பதிலளி (Padhilali) / பதிலளித்தேன் (Padhilalittēn) / பதிலளித்திருக்கிறேன் (Padhilalittirukkirēn),जवाब देना (Javāb Denā) / जवाब दिया (Javāb Diyā) / जवाब दे चुका (Javāb De Chukā)
201,Report / Reported / Reported,அறிக்கை செய் (Aṟikkai Sey) / அறிக்கை செய்தேன் (Aṟikkai Seydhēn) / அறிக்கை செய்திருக்கிறேன் (Aṟikkai Seydhirukkirēn),रिपोर्ट करना (Ripoṛṭ Karnā) / रिपोर्ट किया (Ripoṛṭ Kiyā) / रिपोर्ट कर चुका (Ripoṛṭ Kar Chukā)
202,Require / Required / Required,தேவைப்படு (Tēvaippaḍu) / தேவைப்பட்டேன் (Tēvaippaṭṭēn) / தேவைப்பட்டிருக்கிறேன் (Tēvaippaṭṭirukkirēn),आवश्यकता होना (Āvaśyaktā Honā) / आवश्यकता हुई (Āvaśyaktā Huī) / आवश्यकता हो चुका (Āvaśyaktā Ho Chukā)
203,Rest / Rested / Rested,ஓய்வெடு (Ōyveḍu) / ஓய்வெடுத்தேன் (Ōyveḍuttēn) / ஓய்வெடுத்திருக்கிறேன் (Ōyveḍuttirukkirēn),आराम करना (Ārām Karnā) / आराम किया (Ārām Kiyā) / आराम कर चुका (Ārām Kar Chukā)
204,Return / Returned / Returned,திரும்பு (Tirumbu) / திரும்பினேன் (Tirumbinēn) / திரும்பியுள்ளேன் (Tirumbiyuḷḷēn),वापस आना (Vāpas Ānā) / वापस आया (Vāpas Āyā) / वापस आ चुका (Vāpas Ā Chukā)
205,Save / Saved / Saved,காப்பாற்று (Kāppāṟṟu) / காப்பாற்றினேன் (Kāppāṟṟinēn) / காப்பாற்றியுள்ளேன் (Kāppāṟṟiyuḷḷēn),बचाना (Bachānā) / बचाया (Bachāyā) / बचा चुका (Bachā Chukā)
206,Seem / Seemed / Seemed,தோன்றுகிறது (Tōnṟugiṟadhu) / தோன்றியது (Tōnṟiyadhu) / தோன்றியிருக்கிறது (Tōnṟiyirukkiṟadhu),लगना (Lagnā) / लगा (Lagā) / लग चुका (Lag Chukā)
207,Serve / Served / Served,பணியாற்று (Paṇiyāṟṟu) / பணியாற்றினேன் (Paṇiyāṟṟinēn) / பணியாற்றியுள்ளேன் (Paṇiyāṟṟiyuḷḷēn),सेवा करना (Sevā Karnā) / सेवा की (Sevā Kī) / सेवा कर चुका (Sevā Kar Chukā)
208,Share / Shared / Shared,பகிர் (Pagir) / பகிர்தேன் (Pagirtēn) / பகிர்ந்திருக்கிறேன் (Pagirndhirukkirēn),साझा करना (Sājhā Karnā) / साझा किया (Sājhā Kiyā) / साझा कर चुका (Sājhā Kar Chukā)
209,Sign / Signed / Signed,கையெழுத்திடு (Kaiyeḻuttiḍu) / கையெழுத்திட்டேன் (Kaiyeḻuttiṭṭēn) / கையெழுத்திட்டிருக்கிறேன் (Kaiyeḻuttiṭṭirukkirēn),हस्ताक्षर करना (Hastākśar Karnā) / हस्ताक्षर किया (Hastākśar Kiyā) / हस्ताक्षर कर चुका (Hastākśar Kar Chukā)
210,Smile / Smiled / Smiled,சிரி (Siri) / சிரித்தேன் (Sirittēn) / சிரித்திருக்கிறேன் (Sirittirukkirēn),मुस्कुराना (Muskurānā) / मुस्कुराया (Muskurāyā) / मुस्कुरा चुका (Muskurā Chukā)
211,Start / Started / Started,தொடங்கு (Toḍaṅgu) / தொடங்கினேன் (Toḍaṅginēn) / தொடங்கியுள்ளேன் (Toḍaṅgiyuḷḷēn),शुरू करना (Shurū Karnā) / शुरू किया (Shurū Kiyā) / शुरू कर चुका (Shurū Kar Chukā)
212,Stay / Stayed / Stayed,தங்கு (Taṅgu) / தங்கினேன் (Taṅginēn) / தங்கியுள்ளேன் (Taṅgiyuḷḷēn),ठहरना (Ṭhahrnā) / ठहरा (Ṭhahrā) / ठहर चुका (Ṭhahr Chukā)
213,Stop / Stopped / Stopped,நிறுத்து (Niṟuttu) / நிறுத்தினேன் (Niṟuttinēn) / நிறுத்தியுள்ளேன் (Niṟuttiyuḷḷēn),रुकना (Ruknā) / रुका (Rukā) / रुक चुका (Ruk Chukā)
214,Suggest / Suggested / Suggested,பரிந்துரை செய் (Parindhurai Sey) / பரிந்துரை செய்தேன் (Parindhurai Seydhēn) / பரிந்துரை செய்திருக்கிறேன் (Parindhurai Seydhirukkirēn),सुझाव देना (Sujhāv Denā) / सुझाव दिया (Sujhāv Diyā) / सुझाव दे चुका (Sujhāv De Chukā)
215,Support / Supported / Supported,ஆதரி (Ādhari) / ஆதரித்தேன் (Ādharittēn) / ஆதரித்திருக்கிறேன் (Ādharittirukkirēn),समर्थन करना (Samarthan Karnā) / समर्थन किया (Samarthan Kiyā) / समर्थन कर चुका (Samarthan Kar Chukā)
216,Talk / Talked / Talked,பேசு (Pēsu) / பேசினேன் (Pēsinēn) / பேசியுள்ளேன் (Pēsiuḷḷēn),बात करना (Bāt Karnā) / बात की (Bāt Kī) / बात कर चुका (Bāt Kar Chukā)
217,Taste / Tasted / Tasted,சுவை (Suvai) / சுவைத்தேன் (Suvaittēn) / சுவைத்திருக்கிறேன் (Suvaittirukkirēn),स्वाद लेना (Svād Lenā) / स्वाद लिया (Svād Liyā) / स्वाद ले चुका (Svād Le Chukā)
218,Travel / Traveled / Traveled,பயணம் செய் (Payaṇam Sey) / பயணம் செய்தேன் (Payaṇam Seydhēn) / பயணம் செய்திருக்கிறேன் (Payaṇam Seydhirukkirēn),यात्रा करना (Yātrā Karnā) / यात्रा की (Yātrā Kī) / यात्रा कर चुका (Yātrā Kar Chukā)
219,Try / Tried / Tried,முயற்சி செய் (Muyarchi Sey) / முயற்சி செய்தேன் (Muyarchi Seydhēn) / முயற்சி செய்திருக்கிறேன் (Muyarchi Seydhirukkirēn),कोशिश करना (Kośiś Karnā) / कोशिश की (Kośiś Kī) / कोशिश कर चुका (Kośiś Kar Chukā)
220,Use / Used / Used,பயன்படுத்து (Payanpaḍuttu) / பயன்படுத்தினேன் (Payanpaḍuttinēn) / பயன்படுத்தியுள்ளேன் (Payanpaḍuttiyuḷḷēn),उपयोग करना (Upayog Karnā) / उपयोग किया (Upayog Kiyā) / उपयोग कर चुका (Upayog Kar Chukā)
221,Visit / Visited / Visited,பார்வையிடு (Pārvaeyiḍu) / பார்வையிட்டேன் (Pārvaeyiṭṭēn) / பார்வையிட்டிருக்கிறேன் (Pārvaeyiṭṭirukkirēn),दौरा करना (Daurā Karnā) / दौरा किया (Daurā Kiyā) / दौरा कर चुका (Daurā Kar Chukā)
222,Wait / Waited / Waited,காத்திரு (Kātthiru) / காத்திருந்தேன் (Kātthirundhēn) / காத்திருந்திருக்கிறேன் (Kātthirundhirukkirēn),इंतजार करना (Intazār Karnā) / इंतजार किया (Intazār Kiyā) / इंतजार कर चुका (Intazār Kar Chukā)
223,Walk / Walked / Walked,நட (Naḍa) / நடந்தேன் (Naḍandhēn) / நடந்திருக்கிறேன் (Naḍandhirukkirēn),चलना (Chalnā) / चला (Chalā) / चल चुका (Chal Chukā)
224,Want / Wanted / Wanted,விரும்பு (Virumbu) / விரும்பினேன் (Virumbinēn) / விரும்பியுள்ளேன் (Virumbiyuḷḷēn),चाहना (Chāhnā) / चाहा (Chāhā) / चाह चुका (Chāh Chukā)
225,Wash / Washed / Washed,கழுவு (Kaḻuvu) / கழுவினேன் (Kaḻuvinēn) / கழுவியுள்ளேன் (Kaḻuviyuḷḷēn),धोना (Dhonā) / धोया (Dhoyā) / धो चुका (Dho Chukā)
226,Watch / Watched / Watched,பார் (Pār) / பார்த்தேன் (Pārttēn) / பார்த்திருக்கிறேன் (Pārttirukkirēn),देखना (Dekhnā) / देखा (Dekhā) / देख चुका (Dekh Chukā)
227,Welcome / Welcomed / Welcomed,வரவேற்பு கொடு (Varavēṟpu Koḍu) / வரவேற்பு கொடுத்தேன் (Varavēṟpu Koḍuttēn) / வரவேற்பு கொடுத்திருக்கிறேன் (Varavēṟpu Koḍuttirukkirēn),स्वागत करना (Svāgat Karnā) / स्वागत किया (Svāgat Kiyā) / स्वागत कर चुका (Svāgat Kar Chukā)
228,Wipe / Wiped / Wiped,துடை (Tuḍai) / துடைத்தேன் (Tuḍaittēn) / துடைத்திருக்கிறேன் (Tuḍaittirukkirēn),पोंछना (Ponchnā) / पोंछा (Ponchā) / पोंछ चुका (Ponch Chukā)
229,Work / Worked / Worked,வேலை செய் (Vēlai Sey) / வேலை செய்தேன் (Vēlai Seydhēn) / வேலை செய்திருக்கிறேன் (Vēlai Seydhirukkirēn),काम करना (Kām Karnā) / काम किया (Kām Kiyā) / काम कर चुका (Kām Kar Chukā)
230,Worry / Worried / Worried,கவலைப்படு (Kavalaippaḍu) / கவலைப்பட்டேன் (Kavalaippaṭṭēn) / கவலைப்பட்டிருக்கிறேன் (Kavalaippaṭṭirukkirēn),चिंतित होना (Chintit Honā) / चिंतित हुआ (Chintit Huā) / चिंतित हो चुका (Chintit Ho Chukā)
231,Dare / Dared / Dared,துணி (Tuṇi) / துணிந்தேன் (Tuṇindhēn) / துணிந்திருக்கிறேன் (Tuṇindhirukkirēn),हिम्मत करना (Himmat Karnā) / हिम्मत की (Himmat Kī) / हिम्मत कर चुका (Himmat Kar Chukā)
232,Dive / Dived / Dived,நீரில் குதி (Nīril Kudhi) / நீரில் குதித்தேன் (Nīril Kudhittēn) / நீரில் குதித்திருக்கிறேன் (Nīril Kudhittirukkirēn),गोता लगाना (Gotā Lagānā) / गोता लगाया (Gotā Lagāyā) / गोता लगा चुका (Gotā Lagā Chukā)
233,Flee / Fled / Fled,ஓடிப்போ (Ōḍippō) / ஓடிப்போனேன் (Ōḍippōnēn) / ஓடிப்போயிருக்கிறேன் (Ōḍippōyirukkirēn),भाग जाना (Bhāg Jānā) / भाग गया (Bhāg Gayā) / भाग चुका (Bhāg Chukā)
234,Forbid / Forbade / Forbidden,தடை செய் (Taḍai Sey) / தடை செய்தேன் (Taḍai Seydhēn) / தடை செய்திருக்கிறேன் (Taḍai Seydhirukkirēn),मना करना (Manā Karnā) / मना किया (Manā Kiyā) / मना कर चुका (Manā Kar Chukā)
235,Forgo / Forewent / Foregone,விட்டுக்கொடு (Viṭṭukkoḍu) / விட்டுக்கொடுத்தேன் (Viṭṭukkoḍuttēn) / விட்டுக்கொடுத்திருக்கிறேன் (Viṭṭukkoḍuttirukkirēn),त्यागना (Tyāgnā) / त्यागा (Tyāgā) / त्याग चुका (Tyāg Chukā)
236,Forecast / Forecast / Forecast,முன்னறிவிப்பு செய் (Munnaṟivippu Sey) / முன்னறிவிப்பு செய்தேன் (Munnaṟivippu Seydhēn) / முன்னறிவிப்பு செய்திருக்கிறேன் (Munnaṟivippu Seydhirukkirēn),भविष्यवाणी करना (Bhaviṣyavāṇī Karnā) / भविष्यवाणी की (Bhaviṣyavāṇī Kī) / भविष्यवाणी कर चुका (Bhaviṣyavāṇī Kar Chukā)
237,Inlay / Inlaid / Inlaid,பதி (Padhi) / பதித்தேன் (Padhittēn) / பதித்திருக்கிறேன் (Padhittirukkirēn),जड़ना (Jaṛnā) / जड़ा (Jaṛā) / जड़ चुका (Jaṛ Chukā)
238,Leap / Leapt / Leapt,பாய்ச்சல் செய் (Pāychchal Sey) / பாய்ச்சல் செய்தேன் (Pāychchal Seydhēn) / பாய்ச்சல் செய்திருக்கிறேன் (Pāychchal Seydhirukkirēn),छलांग लगाना (Chhalāṅg Lagānā) / छलांग लगाई (Chhalāṅg Lagāī) / छलांग लगा चुका (Chhalāṅg Lagā Chukā)
239,Miscast / Miscast / Miscast,தவறாகத் தேர்ந்தெடு (Tavaṟāgath Tērndheḍu) / தவறாகத் தேர்ந்தெடுத்தேன் (Tavaṟāgath Tērndheḍuttēn) / தவறாகத் தேர்ந்தெடுத்திருக்கிறேன் (Tavaṟāgath Tērndheḍuttirukkirēn),गलत भूमिका देना (Galat Bhūmikā Denā) / गलत भूमिका दी (Galat Bhūmikā Dī) / गलत भूमिका दे चुका (Galat Bhūmikā De Chukā)
240,Overshoot / Overshot / Overshot,கடந்து செல் (Kaḍandhu Sel) / கடந்து சென்றேன் (Kaḍandhu Senṟēn) / கடந்து சென்றிருக்கிறேன் (Kaḍandhu Senṟirukkirēn),आगे निकल जाना (Āge Nikal Jānā) / आगे निकल गया (Āge Nikal Gayā) / आगे निकल चुका (Āge Nikal Chukā)
241,Quit / Quit / Quit,விலகு (Vilagu) / விலகினேன் (Vilaginēn) / விலகியுள்ளேன் (Vilagiyuḷḷēn),छोड़ देना (Choṛ Denā) / छोड़ दिया (Choṛ Diyā) / छोड़ चुका (Choṛ Chukā)
242,Shred / Shredded / Shredded,துண்டாக்கு (Tuṇḍākku) / துண்டாக்கினேன் (Tuṇḍākkinēn) / துண்டாக்கியுள்ளேன் (Tuṇḍākkiyuḷḷēn),टुकड़े करना (Ṭukṛe Karnā) / टुकड़े किए (Ṭukṛe Kiye) / टुकड़े कर चुका (Ṭukṛe Kar Chukā)
243,Slit / Slit / Slit,பிள (Piḷa) / பிளந்தேன் (Piḷandhēn) / பிளந்திருக்கிறேன் (Piḷandhirukkirēn),चीरना (Chīrnā) / चीरा (Chīrā) / चीर चुका (Chīr Chukā)
244,Spoil / Spoiled / Spoiled,கெடு (Keḍu) / கெடுத்தேன் (Keḍuttēn) / கெடுத்திருக்கிறேன் (Keḍuttirukkirēn),खराब करना (Kharāb Karnā) / खराब किया (Kharāb Kiyā) / खराब कर चुका (Kharāb Kar Chukā)
245,Spread / Spread / Spread,பரப்பு (Parappu) / பரப்பினேன் (Parappinēn) / பரப்பியுள்ளேன் (Parappiyuḷḷēn),फैलाना (Phailānā) / फैलाया (Phailāyā) / फैला चुका (Phailā Chukā)
246,Sting / Stung / Stung,கொட்டு (Koṭṭu) / கொட்டினேன் (Koṭṭinēn) / கொட்டியுள்ளேன் (Koṭṭiyuḷḷēn),डंक मारना (Ḍank Māranā) / डंक मारा (Ḍank Mārā) / डंक मार चुका (Ḍank Mār Chukā)
247,Strive / Strove / Striven,பாடுபடு (Pāḍupaḍu) / பாடுபட்டேன் (Pāḍupaṭṭēn) / பாடுபட்டிருக்கிறேன் (Pāḍupaṭṭirukkirēn),प्रयास करना (Prayās Karnā) / प्रयास किया (Prayās Kiyā) / प्रयास कर चुका (Prayās Kar Chukā)
248,Sublet / Sublet / Sublet,மீண்டும் குத்தகை விடு (Mīṇḍum Kutthagai Viḍu) / மீண்டும் குத்தகை விட்டேன் (Mīṇḍum Kutthagai Viṭṭēn) / மீண்டும் குத்தகை விட்டிருக்கிறேன் (Mīṇḍum Kutthagai Viṭṭirukkirēn),किराए पर देना (Kirāye Par Denā) / किराए पर दिया (Kirāye Par Diyā) / किराए पर दे चुका (Kirāye Par De Chukā)
249,Think / Thought / Thought,நினை (Niṉai) / நினைத்தேன் (Niṉaittēn) / நினைத்திருக்கிறேன் (Niṉaittirukkirēn),सोचना (Sochnā) / सोचा (Sochā) / सोच चुका (Soch Chukā)
250,Undergo / Underwent / Undergone,அனுபவி (Anubhavi) / அனுபவித்தேன் (Anubhavittēn) / அனுபவித்திருக்கிறேன் (Anubhavittirukkirēn),गुज़रना (Guzarnā) / गुज़रा (Guzarā) / गुज़र चुका (Guzar Chukā)
251,Understand / Understood / Understood,புரிந்து கொள் (Purindhu Koḷ) / புரிந்து கொண்டேன் (Purindhu Koṇḍēn) / புரிந்து கொண்டிருக்கிறேன் (Purindhu Koṇḍirukkirēn),समझना (Samajhnā) / समझा (Samjhā) / समझ चुका (Samajh Chukā)
252,Upset / Upset / Upset,மன வருத்தம் அடை (Maṉa Varuttham Aḍai) / மன வருத்தம் அடைந்தேன் (Maṉa Varuttham Aḍaindhēn) / மன வருத்தம் அடைந்திருக்கிறேன் (Maṉa Varuttham Aḍaindhirukkirēn),परेशान करना (Pareshān Karnā) / परेशान किया (Pareshān Kiyā) / परेशान कर चुका (Pareshān Kar Chukā)
253,Bet / Bet / Bet,பந்தயம் கட்டு (Pandhayam Kaṭṭu) / பந்தயம் கட்டினேன் (Pandhayam Kaṭṭinēn) / பந்தயம் கட்டியுள்ளேன் (Pandhayam Kaṭṭiyuḷḷēn),शर्त लगाना (Śart Lagānā) / शर्त लगाई (Śart Lagāī) / शर्त लगा चुका (Śart Lagā Chukā)
254,Burst / Burst / Burst,வெடி (Veḍi) / வெடித்தது (Veḍitthadhu) / வெடித்திருக்கிறது (Veḍitthirukkiradhu),फटना (Phaṭnā) / फटा (Phaṭā) / फट चुका (Phaṭ Chukā)
255,Cast / Cast / Cast,வீசு (Vīsu) / வீசினேன் (Vīsinēn) / வீசியுள்ளேன் (Vīsiuḷḷēn),फेंकना (Phenknā) / फेंका (Phenkā) / फेंक चुका (Phenk Chukā)
256,Deal / Dealt / Dealt,வியாபாரம் செய் (Viyābāram Sey) / வியாபாரம் செய்தேன் (Viyābāram Seydhēn) / வியாபாரம் செய்திருக்கிறேன் (Viyābāram Seydhirukkirēn),व्यवहार करना (Vyavahār Karnā) / व्यवहार किया (Vyavahār Kiyā) / व्यवहार कर चुका (Vyavahār Kar Chukā)
257,Dig / Dug / Dug,தோண்டு (Tōṇḍu) / தோண்டினேன் (Tōṇḍinēn) / தோண்டியுள்ளேன் (Tōṇḍiyuḷḷēn),खोदना (Khodnā) / खोदा (Khodā) / खोद चुका (Khod Chukā)
258,Fling / Flung / Flung,எறி (Eṟi) / எறிந்தேன் (Eṟindhēn) / எறிந்திருக்கிறேன் (Eṟindhirukkirēn),फेंकना (Phenknā) / फेंका (Phenkā) / फेंक चुका (Phenk Chukā)
259,Grind / Ground / Ground,அரை (Arai) / அரைத்தேன் (Araittēn) / அரைத்திருக்கிறேன் (Araittirukkirēn),पीसना (Pīsnā) / पीसा (Pīsā) / पीस चुका (Pīs Chukā)
260,Lead / Led / Led,வழிநடத்து (Vaḻinaḍattu) / வழிநடத்தினேன் (Vaḻinaḍattinēn) / வழிநடத்தியுள்ளேன் (Vaḻinaḍattiyuḷḷēn),नेतृत्व करना (Netṛtv Karnā) / नेतृत्व किया (Netṛtv Kiyā) / नेतृत्व कर चुका (Netṛtv Kar Chukā)
261,Lend / Lent / Lent,கடன் கொடு (Kaḍan Koḍu) / கடன் கொடுத்தேன் (Kaḍan Koḍuttēn) / கடன் கொடுத்திருக்கிறேன் (Kaḍan Koḍuttirukkirēn),उधार देना (Udhār Denā) / उधार दिया (Udhār Diyā) / उधार दे चुका (Udhār De Chukā)
262,Mistake / Mistook / Mistaken,தவறு செய் (Tavaṟu Sey) / தவறு செய்தேன் (Tavaṟu Seydhēn) / தவறு செய்திருக்கிறேன் (Tavaṟu Seydhirukkirēn),गलती करना (Galtī Karnā) / गलती की (Galtī Kī) / गलती कर चुका (Galtī Kar Chukā)
263,Overhear / Overheard / Overheard,ஒட்டுக்கேள் (Oṭṭukkēḷ) / ஒட்டுக்கேட்டேன் (Oṭṭukkēṭṭēn) / ஒட்டுக்கேட்டிருக்கிறேன் (Oṭṭukkēṭṭirukkirēn),चोरी से सुनना (Chorī Se Sunnā) / चोरी से सुना (Chorī Se Sunā) / चोरी से सुन चुका (Chorī Se Sun Chukā)
264,Prove / Proved / Proven,நிரூபி (Nirūpi) / நிரூபித்தேன் (Nirūpittēn) / நிரூபித்திருக்கிறேன் (Nirūpittirukkirēn),साबित करना (Sābit Karnā) / साबित किया (Sābit Kiyā) / साबित कर चुका (Sābit Kar Chukā)
265,Ride / Rode / Ridden,ஓட்டு (Ōṭṭu) / ஓட்டினேன் (Ōṭṭinēn) / ஓட்டியுள்ளேன் (Ōṭṭiyuḷḷēn),सवारी करना (Savārī Karnā) / सवारी की (Savārī Kī) / सवारी कर चुका (Savārī Kar Chukā)
266,Seek / Sought / Sought,தேடு (Tēḍu) / தேடினேன் (Tēḍinēn) / தேடியுள்ளேன் (Tēḍiyuḷḷēn),तलाश करना (Talāś Karnā) / तलाश की (Talāś Kī) / तलाश कर चुका (Talāś Kar Chukā)
267,Shine / Shone / Shone,ஒளிவீசு (Oḷivīsu) / ஒளிவீசினேன் (Oḷivīsinēn) / ஒளிவீசியுள்ளேன் (Oḷivīsiuḷḷēn),चमकना (Chamaknā) / चमका (Chamakā) / चमक चुका (Chamak Chukā)
268,Sit / Sat / Sat,உட்கார் (Uṭkār) / உட்கார்ந்தேன் (Uṭkārndhēn) / உட்கார்ந்திருக்கிறேன் (Uṭkārndhirukkirēn),बैठना (Baiṭhnā) / बैठा (Baiṭhā) / बैठ चुका (Baiṭh Chukā)
269,Spin / Span / Spun,சுழற்று (Suḻaṟṟu) / சுழற்றினேன் (Suḻaṟṟinēn) / சுழற்றியுள்ளேன் (Suḻaṟṟiyuḷḷēn),घुमाना (Ghumānā) / घुमाया (Ghumāyā) / घुमा चुका (Ghumā Chukā)
270,Spit / Spit / Spit,உமிழ் (Umiḻ) / உமிழ்ந்தேன் (Umiḻndhēn) / உமிழ்ந்திருக்கிறேன் (Umiḻndhirukkirēn),थूकना (Thūknā) / थूका (Thūkā) / थूक चुका (Thūk Chukā)
271,Steal / Stole / Stolen,திருடு (Tiruḍu) / திருடினேன் (Tiruḍinēn) / திருடியுள்ளேன் (Tiruḍiyuḷḷēn),चुराना (Churānā) / चुराया (Churāyā) / चुरा चुका (Churā Chukā)
272,Stick / Stuck / Stuck,ஒட்டு (Oṭṭu) / ஒட்டினேன் (Oṭṭinēn) / ஒட்டியுள்ளேன் (Oṭṭiyuḷḷēn),चिपकना (Chīpaknā) / चिपका (Chīpakā) / चिपक चुका (Chīpak Chukā)
273,Stink / Stank / Stunk,நாற்றம் அடி (Nāṟṟam Aḍi) / நாற்றம் அடித்தது (Nāṟṟam Aḍitthadhu) / நாற்றம் அடித்திருக்கிறது (Nāṟṟam Aḍitthirukkiradhu),बदबू आना (Badbū Ānā) / बदबू आई (Badbū Āī) / बदबू आ चुका (Badbū Ā Chukā)
274,Swear / Swore / Sworn,சத்தியம் செய் (Saththiyam Sey) / சத்தியம் செய்தேன் (Saththiyam Seydhēn) / சத்தியம் செய்திருக்கிறேன் (Saththiyam Seydhirukkirēn),कसम खाना (Kasam Khānā) / कसम खाई (Kasam Khāī) / कसम खा चुका (Kasam Khā Chukā)
275,Tear / Tore / Torn,கிழி (Kiḻi) / கிழித்தேன் (Kiḻittēn) / கிழித்திருக்கிறேன் (Kiḻittirukkirēn),फाड़ना (Phāṛnā) / फाड़ा (Phāṛā) / फाड़ चुका (Phāṛ Chukā)
276,Throw / Threw / Thrown,எறி (Eṟi) / எறிந்தேன் (Eṟindhēn) / எறிந்திருக்கிறேன் (Eṟindhirukkirēn),फेंकना (Phenknā) / फेंका (Phenkā) / फेंक चुका (Phenk Chukā)
277,Tread / Trod / Trodden,மிதி (Mithi) / மிதித்தேன் (Mithittēn) / மிதித்திருக்கிறேன் (Mithittirukkirēn),चलना (Chalnā) / चला (Chalā) / चल चुका (Chal Chukā)
278,Weave / Wove / Woven,நெய் (Ney) / நெய்தேன் (Neydhēn) / நெய்திருக்கிறேன் (Neydhirukkirēn),बुनना (Bunnā) / बुना (Bunā) / बुन चुका (Bun Chukā)
279,Wet / Wet / Wet,நனை (Naṉai) / நனைத்தேன் (Naṉaittēn) / நனைத்திருக்கிறேன் (Naṉaittirukkirēn),गीला करना (Gīlā Karnā) / गीला किया (Gīlā Kiyā) / गीला कर चुका (Gīlā Kar Chukā)
280,Abide / Abode / Abided,சகித்துக்கொள் (Sagitthukkoḷ) / சகித்துக்கொண்டேன் (Sagitthukkoṇḍēn) / சகித்துக்கொண்டிருக்கிறேன் (Sagitthukkoṇḍirukkirēn),पालन करना (Pālan Karnā) / पालन किया (Pālan Kiyā) / पालन कर चुका (Pālan Kar Chukā)
281,Alight / Alit / Alit,இறங்கு (Iṟaṅgu) / இறங்கினேன் (Iṟaṅginēn) / இறங்கியுள்ளேன் (Iṟaṅgiyuḷḷēn),उतरना (Utarnā) / उत्तरा (Uttarā) / उतर चुका (Utar Chukā)
282,Arouse / Aroused / Aroused,தூண்டு (Tūṇḍu) / தூண்டினேன் (Tūṇḍinēn) / தூண்டியுள்ளேன் (Tūṇḍiyuḷḷēn),जगाना (Jagānā) / जगाया (Jagāyā) / जगा चुका (Jagā Chukā)
283,Awake / Awoke / Awoken,விழித்தெழு (Viḻittheḻu) / விழித்தெழுந்தேன் (Viḻittheḻundhēn) / விழித்தெழுந்திருக்கிறேன் (Viḻittheḻundhirukkirēn),जागना (Jāgnā) / जागा (Jāgā) / जाग चुका (Jāg Chukā)
284,Backbite / Backbit / Backbitten,புறங்கூறு (Puṟaṅgūṟu) / புறங்கூறினேன் (Puṟaṅgūṟinēn) / புறங்கூறியுள்ளேன் (Puṟaṅgūṟiyuḷḷēn),चुगली करना (Chuglī Karnā) / चुगली की (Chuglī Kī) / चुगली कर चुका (Chuglī Kar Chukā)
285,Behold / Beheld / Beheld,பார் (Pār) / பார்த்தேன் (Pārttēn) / பார்த்திருக்கிறேன் (Pārttirukkirēn),देखना (Dekhnā) / देखा (Dekhā) / देख चुका (Dekh Chukā)
286,Cling / Clung / Clung,ஒட்டிக்கொள் (Oṭṭikkoḷ) / ஒட்டிக்கொண்டேன் (Oṭṭikkoṇḍēn) / ஒட்டிக்கொண்டிருக்கிறேன் (Oṭṭikkoṇḍirukkirēn),चिपकना (Chipaknā) / चिपका (Chipkā) / चिपक चुका (Chipak Chukā)
287,Drive / Drove / Driven,ஓட்டு (Ōṭṭu) / ஓட்டினேன் (Ōṭṭinēn) / ஓட்டியுள்ளேன் (Ōṭṭiyuḷḷēn),चलाना (Chalānā) / चलाया (Chalāyā) / चला चुका (Chalā Chukā)
288,Fall / Fell / Fallen,விழு (Viḻu) / விழுந்தேன் (Viḻundhēn) / விழுந்திருக்கிறேன் (Viḻundhirukkirēn),गिरना (Girnā) / गिरा (Girā) / गिर चुका (Gir Chukā)
289,Freeze / Froze / Frozen,உறை (Uṟai) / உறைந்தேன் (Uṟaindhēn) / உறைந்திருக்கிறேன் (Uṟaindhirukkirēn),जमना (Jamnā) / जमा (Jamā) / जम चुका (Jam Chukā)
290,Give / Gave / Given,கொடு (Koḍu) / கொடுத்தேன் (Koḍuttēn) / கொடுத்திருக்கிறேன் (Koḍuttirukkirēn),देना (Denā) / दिया (Diyā) / दे चुका (De Chukā)
291,Hide / Hid / Hidden,மறை (Maṟai) / மறைத்தேன் (Maṟaittēn) / மறைத்திருக்கிறேன் (Maṟaittirukkirēn),छिपाना (Chhipānā) / छिपाया (Chhipāyā) / छिपा चुका (Chhipā Chukā)
292,Lie / Lay / Lain,படுத்துக்கொள் (Paḍuttukkoḷ) / படுத்துக்கொண்டேன் (Paḍuttukkoṇḍēn) / படுத்துக்கொண்டிருக்கிறேன் (Paḍuttukkoṇḍirukkirēn),लेटना (Leṭnā) / लेटा (Leṭā) / लेट चुका (Leṭ Chukā)
293,Pay / Paid / Paid,செலுத்து (Seluttu) / செலுத்தினேன் (Seluttinēn) / செலுத்தியுள்ளேன் (Seluttiyuḷḷēn),भुगतान करना (Bhugtān Karnā) / भुगतान किया (Bhugtān Kiyā) / भुगतान कर चुका (Bhugtān Kar Chukā)
294,See / Saw / Seen,பார் (Pār) / பார்த்தேன் (Pārttēn) / பார்த்திருக்கிறேன் (Pārttirukkirēn),देखना (Dekhnā) / देखा (Dekhā) / देख चुका (Dekh Chukā)
295,Shoot / Shot / Shot,சுடு (Suḍu) / சுட்டேன் (Suṭṭēn) / சுட்டிருக்கிறேன் (Suṭṭirukkirēn),गोली मारना (Golī Māranā) / गोली मारी (Golī Mārī) / गोली मार चुका (Golī Mār Chukā)
296,Steal / Stole / Stolen,திருடு (Tiruḍu) / திருடினேன் (Tiruḍinēn) / திருடியுள்ளேன் (Tiruḍiyuḷḷēn),चुराना (Churānā) / चुराया (Churāyā) / चुरा चुका (Churā Chukā)
297,Swear / Swore / Sworn,சத்தியம் செய் (Saththiyam Sey) / சத்தியம் செய்தேன் (Saththiyam Seydhēn) / சத்தியம் செய்திருக்கிறேன் (Saththiyam Seydhirukkirēn),शपथ लेना (Śapath Lenā) / शपथ ली (Śapath Lī) / शपथ ले चुका (Śapath Le Chukā)
298,Take / Took / Taken,எடு (Eḍu) / எடுத்தேன் (Eḍuttēn) / எடுத்திருக்கிறேன் (Eḍuttirukkirēn),लेना (Lenā) / लिया (Liyā) / ले चुका (Le Chukā)
299,Throw / Threw / Thrown,எறி (Eṟi) / எறிந்தேன் (Eṟindhēn) / எறிந்திருக்கிறேன் (Eṟindhirukkirēn),फेंकना (Phenknā) / फेंका (Phenkā) / फेंक चुका (Phenk Chukā)
300,Wear / Wore / Worn,அணி (Aṇi) / அணிந்தேன் (Aṇindhēn) / அணிந்திருக்கிறேன் (Aṇindhirukkirēn),पहनना (Pahannā) / पहना (Pahnā) / पहन चुका (Pahan Chukā)
301,Bid / Bid / Bid,விலை சொல் (Vilai Sol) / விலை சொன்னேன் (Vilai Sonnēn) / விலை சொல்லியிருக்கிறேன் (Vilai Solliyirukkirēn),बोली लगाना (Bolī Lagānā) / बोली लगाई (Bolī Lagāī) / बोली लगा चुका (Bolī Lagā Chukā)
302,Catch / Caught / Caught,பிடி (Piḍi) / பிடித்தேன் (Piḍittēn) / பிடித்திருக்கிறேன் (Piḍittirukkirēn),पकड़ना (Pakaṛnā) / पकड़ा (Pakaṛā) / पकड़ चुका (Pakaṛ Chukā)
303,Choose / Chose / Chosen,தேர்வு செய் (Tervu Sey) / தேர்வு செய்தேன் (Tervu Seydhēn) / தேர்வு செய்திருக்கிறேன் (Tervu Seydhirukkirēn),चुनना (Chunnā) / चुना (Chunā) / चुन चुका (Chun Chukā)
304,Come / Came / Come,வா (Vā) / வந்தேன் (Vandhēn) / வந்திருக்கிறேன் (Vandhirukkirēn),आना (Ānā) / आया (Āyā) / आ चुका (Ā Chukā)
305,Creep / Crept / Crept,ஊர்ந்து செல் (Ūrndhu Sel) / ஊர்ந்து சென்றேன் (Ūrndhu Senṟēn) / ஊர்ந்து சென்றிருக்கிறேன் (Ūrndhu Senṟirukkirēn),रेंगना (Reñgnā) / रेंगा (Reñgā) / रेंग चुका (Reñg Chukā)
306,Dream / Dreamed / Dreamed,கனவு காண் (Kaṉavu Kāṇ) / கனவு கண்டேன் (Kaṉavu Kaṇḍēn) / கனவு கண்டிருக்கிறேன் (Kaṉavu Kaṇḍirukkirēn),सपना देखना (Sapnā Dekhnā) / सपना देखा (Sapnā Dekhā) / सपना देख चुका (Sapnā Dekh Chukā)
307,Drink / Drank / Drunk,குடி (Kuḍi) / குடித்தேன் (Kuḍittēn) / குடித்திருக்கிறேன் (Kuḍittirukkirēn),पीना (Pīnā) / पीया (Pīyā) / पी चुका (Pī Chukā)
308,Eat / Ate / Eaten,சாப்பிடு (Sāppiḍu) / சாப்பிட்டேன் (Sāppiṭṭēn) / சாப்பிட்டிருக்கிறேன் (Sāppiṭṭirukkirēn),खाना (Khānā) / खाया (Khāyā) / खा चुका (Khā Chukā)
309,Fly / Flew / Flown,பற (Paṟa) / பறந்தேன் (Paṟandhēn) / பறந்திருக்கிறேன் (Paṟandhirukkirēn),उड़ना (Uṛnā) / उड़ा (Uṛā) / उड़ चुका (Uṛ Chukā)
310,Forget / Forgot / Forgotten,மற (Maṟa) / மறந்தேன் (Maṟandhēn) / மறந்திருக்கிறேன் (Maṟandhirukkirēn),भूलना (Bhūlnā) / भूला (Bhūlā) / भूल चुका (Bhūl Chukā)
311,Get / Got / Gotten,பெறு (Peṟu) / பெற்றேன் (Peṟṟēn) / பெற்றிருக்கிறேன் (Peṟṟirukkirēn),प्राप्त करना (Prāpt Karnā) / प्राप्त किया (Prāpt Kiyā) / प्राप्त कर चुका (Prāpt Kar Chukā)
312,Go / Went / Gone,போ (Pō) / போனேன் (Pōnēn) / போயிருக்கிறேன் (Pōyirukkirēn),जाना (Jānā) / गया (Gayā) / जा चुका (Jā Chukā)
313,Know / Knew / Known,தெரிந்து கொள் (Terindhu Koḷ) / தெரிந்து கொண்டேன் (Terindhu Koṇḍēn) / தெரிந்து கொண்டிருக்கிறேன் (Terindhu Koṇḍirukkirēn),जानना (Jānnā) / जाना (Jānā) / जान चुका (Jān Chukā)
314,Lay / Laid / Laid,வை (Vai) / வைத்தேன் (Vaittēn) / வைத்திருக்கிறேன் (Vaittirukkirēn),रखना (Rakhnā) / रखा (Rakhā) / रख चुका (Rakh Chukā)
315,Lose / Lost / Lost,இழ (Iḻa) / இழந்தேன் (Iḻandhēn) / இழந்திருக்கிறேன் (Iḻandhirukkirēn),खोना (Khonā) / खोया (Khoyā) / खो चुका (Kho Chukā)
316,Mean / Meant / Meant,அர்த்தம் கொடு (Arththam Koḍu) / அர்த்தம் கொடுத்தேன் (Arththam Koḍuttēn) / அர்த்தம் கொடுத்திருக்கிறேன் (Arththam Koḍuttirukkirēn),मतलब होना (Matlab Honā) / मतलब हुआ (Matlab Huā) / मतलब हो चुका (Matlab Ho Chukā)
317,Meet / Met / Met,சந்தி (Sandhi) / சந்தித்தேன் (Sandhittēn) / சந்தித்திருக்கிறேன் (Sandhittirukkirēn),मिलना (Milnā) / मिला (Milā) / मिल चुका (Mil Chukā)
318,Prove / Proved / Proven,நிரூபி (Nirūpi) / நிரூபித்தேன் (Nirūpittēn) / நிரூபித்திருக்கிறேன் (Nirūpittirukkirēn),सिद्ध करना (Siddh Karnā) / सिद्ध किया (Siddh Kiyā) / सिद्ध कर चुका (Siddh Kar Chukā)
319,Run / Ran / Run,ஓடு (Ōḍu) / ஓடினேன் (Ōḍinēn) / ஓடியுள்ளேன் (Ōḍiyuḷḷēn),दौड़ना (Dauṛnā) / दौड़ा (Dauṛā) / दौड़ चुका (Dauṛ Chukā)
320,Say / Said / Said,சொல் (Sol) / சொன்னேன் (Sonnēn) / சொல்லியிருக்கிறேன் (Solliyirukkirēn),कहना (Kahnā) / कहा (Kahā) / कह चुका (Kah Chukā)
321,Send / Sent / Sent,அனுப்பு (Anuppu) / அனுப்பினேன் (Anuppinēn) / அனுப்பியுள்ளேன் (Anuppiyuḷḷēn),भेजना (Bhejnā) / भेजा (Bhejā) / भेज चुका (Bhej Chukā)
322,Speak / Spoke / Spoken,பேசு (Pēsu) / பேசினேன் (Pēsinēn) / பேசியுள்ளேன் (Pēsiuḷḷēn),बोलना (Bolnā) / बोला (Bolā) / बोल चुका (Bol Chukā)
323,Swim / Swam / Swum,நீந்து (Nīndhu) / நீந்தினேன் (Nīndhinēn) / நீந்தியுள்ளேன் (Nīndhiyuḷḷēn),तैरना (Tairnā) / तैरा (Tairā) / तैर चुका (Tair Chukā)
324,Tell / Told / Told,சொல் (Sol) / சொன்னேன் (Sonnēn) / சொல்லியிருக்கிறேன் (Solliyirukkirēn),बताना (Batānā) / बताया (Batāyā) / बता चुका (Batā Chukā)
325,Think / Thought / Thought,நினை (Niṉai) / நினைத்தேன் (Niṉaittēn) / நினைத்திருக்கிறேன் (Niṉaittirukkirēn),सोचना (Sochnā) / सोचा (Sochā) / सोच चुका (Soch Chukā)
326,Understand / Understood / Understood,புரிந்து கொள் (Purindhu Koḷ) / புரிந்து கொண்டேன் (Purindhu Koṇḍēn) / புரிந்து கொண்டிருக்கிறேன் (Purindhu Koṇḍirukkirēn),समझना (Samajhnā) / समझा (Samjhā) / समझ चुका (Samajh Chukā)
327,Wake / Woke / Woken,விழி (Viḻi) / விழித்தேன் (Viḻittēn) / விழித்திருக்கிறேன் (Viḻittirukkirēn),जागना (Jāgnā) / जागा (Jāgā) / जाग चुका (Jāg Chukā)
328,Win / Won / Won,வெற்றி பெறு (Veṟṟi Peṟu) / வெற்றி பெற்றேன் (Veṟṟi Peṟṟēn) / வெற்றி பெற்றிருக்கிறேன் (Veṟṟi Peṟṟirukkirēn),जीतना (Jītnā) / जीता (Jītā) / जीत चुका (Jīt Chukā)
329,Write / Wrote / Written,எழுது (Eḻudu) / எழுதினேன் (Eḻudinēn) / எழுதியுள்ளேன் (Eḻutiyuḷḷēn),लिखना (Likhna) / लिखा (Likhā) / लिख चुका (Likh Chukā)
330,Burn / Burned/Burnt / Burned/Burnt,எரி (Eri) / எரித்தேன் (Erittēn) / எரித்திருக்கிறேன் (Erittirukkirēn),जलाना (Jalānā) / जलाया (Jalāyā) / जला चुका (Jalā Chukā)
331,Smell / Smelled/Smelt / Smelled/Smelt,நுகர் (Nukar) / நுகர்ந்தேன் (Nukarndhēn) / நுகர்ந்திருக்கிறேன் (Nukarndhirukkirēn),सूँघना (Sūn̐ghnā) / सूँघा (Sūn̐ghā) / सूँघ चुका (Sūn̐gh Chukā)
332,Spell / Spelled/Spelt / Spelled/Spelt,எழுத்துக் கூட்டு (Eḻutthuk Kūṭṭu) / எழுத்துக் கூட்டினேன் (Eḻutthuk Kūṭṭinēn) / எழுத்துக் கூட்டியுள்ளேன் (Eḻutthuk Kūṭṭiyuḷḷēn),हिज्जे करना (Hijje Karnā) / हिज्जे किए (Hijje Kiye) / हिज्जे कर चुका (Hijje Kar Chukā)
333,Spill / Spilled/Spilt / Spilled/Spilt,சிந்து (Sindhu) / சிந்தினேன் (Sindhinēn) / சிந்தியுள்ளேன் (Sindhiyuḷḷēn),छलकना (Chhalaknā) / छलका (Chhalakā) / छलक चुका (Chhalak Chukā)
334,Spoil / Spoiled/Spoilt / Spoiled/Spoilt,கெடு (Keḍu) / கெடுத்தேன் (Keḍuttēn) / கெடுத்திருக்கிறேன் (Keḍuttirukkirēn),खराब करना (Kharāb Karnā) / खराब किया (Kharāb Kiyā) / खराब कर चुका (Kharāb Kar Chukā)
335,Bend / Bent / Bent,வளை (Vaḷai) / வளைத்தேன் (Vaḷaittēn) / வளைத்திருக்கிறேன் (Vaḷaittirukkirēn),झुकना (Jhuknā) / झुका (Jhukā) / झुक चुका (Jhuk Chukā)
336,Build / Built / Built,கட்டு (Kaṭṭu) / கட்டினேன் (Kaṭṭinēn) / கட்டியுள்ளேன் (Kaṭṭiyuḷḷēn),बनाना (Banānā) / बनाया (Banāyā) / बना चुका (Banā Chukā)
337,Lend / Lent / Lent,கடன் கொடு (Kaḍan Koḍu) / கடன் கொடுத்தேன் (Kaḍan Koḍuttēn) / கடன் கொடுத்திருக்கிறேன் (Kaḍan Koḍuttirukkirēn),उधार देना (Udhār Denā) / उधार दिया (Udhār Diyā) / उधार दे चुका (Udhār De Chukā)
338,Rent / Rent / Rent,வாடகைக்கு விடு (Vāḍagaikku Viḍu) / வாடகைக்கு விட்டேன் (Vāḍagaikku Viṭṭēn) / வாடகைக்கு விட்டிருக்கிறேன் (Vāḍagaikku Viṭṭirukkirēn),किराए पर लेना (Kirāye Par Lenā) / किराए पर लिया (Kirāye Par Liyā) / किराए पर ले चुका (Kirāye Par Le Chukā)
339,Rend / Rent / Rent,கிழி (Kiḻi) / கிழித்தேன் (Kiḻittēn) / கிழித்திருக்கிறேன் (Kiḻittirukkirēn),फाड़ना (Phāṛnā) / फाड़ा (Phāṛā) / फाड़ चुका (Phāṛ Chukā)
340,Send / Sent / Sent,அனுப்பு (Anuppu) / அனுப்பினேன் (Anuppinēn) / அனுப்பியுள்ளேன் (Anuppiyuḷḷēn),भेजना (Bhejnā) / भेजा (Bhejā) / भेज चुका (Bhej Chukā)
341,Smell / Smelled/Smelt / Smelled/Smelt,நுகர் (Nukar) / நுகர்ந்தேன் (Nukarndhēn) / நுகர்ந்திருக்கிறேன் (Nukarndhirukkirēn),सूँघना (Sūn̐ghnā) / सूँघा (Sūn̐ghā) / सूँघ चुका (Sūn̐gh Chukā)
342,Spend / Spent / Spent,செலவழி (Selavaḻi) / செலவழித்தேன் (Selavaḻittēn) / செலவழித்திருக்கிறேன் (Selavaḻittirukkirēn),खर्च करना (Kharch Karnā) / खर्च किया (Kharch Kiyā) / खर्च कर चुका (Kharch Kar Chukā)
343,Abide / Abode / Abided,சகித்துக்கொள் (Sagitthukkoḷ) / சகித்துக்கொண்டேன் (Sagitthukkoṇḍēn) / சகித்துக்கொண்டிருக்கிறேன் (Sagitthukkoṇḍirukkirēn),पालन करना (Pālan Karnā) / पालन किया (Pālan Kiyā) / पालन कर चुका (Pālan Kar Chukā)
344,Bear / Bore / Born,தாங்கு (Tāṅgu) / தாங்கினேன் (Tāṅginēn) / தாங்கியுள்ளேன் (Tāṅgiyuḷḷēn),सहना (Sahnā) / सहा (Sahā) / सह चुका (Sah Chukā)
345,Beat / Beat / Beaten,அடி (Aḍi) / அடித்தேன் (Aḍittēn) / அடித்திருக்கிறேன் (Aḍittirukkirēn),पीटना (Pīṭnā) / पीटा (Pīṭā) / पीट चुका (Pīṭ Chukā)
346,Bind / Bound / Bound,கட்டு (Kaṭṭu) / கட்டினேன் (Kaṭṭinēn) / கட்டியுள்ளேன் (Kaṭṭiyuḷḷēn),बांधना (Bāndhnā) / बाँधा (Bāndhā) / बांध चुका (Bāndh Chukā)
347,Break / Broke / Broken,உடை (Uḍai) / உடைத்தேன் (Uḍaittēn) / உடைத்திருக்கிறேன் (Uḍaittirukkirēn),तोड़ना (Toṛnā) / तोड़ा (Toṛā) / तोड़ चुका (Toṛ Chukā)
348,Cling / Clung / Clung,ஒட்டிக்கொள் (Oṭṭikkoḷ) / ஒட்டிக்கொண்டேன் (Oṭṭikkoṇḍēn) / ஒட்டிக்கொண்டிருக்கிறேன் (Oṭṭikkoṇḍirukkirēn),चिपकना (Chipaknā) / चिपका (Chipkā) / चिपक चुका (Chipak Chukā)
349,Draw / Drew / Drawn,வரை (Varai) / வரைந்தேன் (Varaindhēn) / வரைந்திருக்கிறேன் (Varaindhirukkirēn),खींचना (Khīnchnā) / खींचा (Khīnchā) / खींच चुका (Khīnch Chukā)
350,Drive / Drove / Driven,ஓட்டு (Ōṭṭu) / ஓட்டினேன் (Ōṭṭinēn) / ஓட்டியுள்ளேன் (Ōṭṭiyuḷḷēn),चलाना (Chalānā) / चलाया (Chalāyā) / चला चुका (Chalā Chukā)
351,Flee / Fled / Fled,ஓடிப்போ (Ōḍippō) / ஓடிப்போனேன் (Ōḍippōnēn) / ஓடிப்போயிருக்கிறேன் (Ōḍippōyirukkirēn),भागना (Bhāgnā) / भागा (Bhāgā) / भाग चुका (Bhāg Chukā)
352,Forbid / Forbade / Forbidden,தடை செய் (Taḍai Sey) / தடை செய்தேன் (Taḍai Seydhēn) / தடை செய்திருக்கிறேன் (Taḍai Seydhirukkirēn),मना करना (Manā Karnā) / मना किया (Manā Kiyā) / मना कर चुका (Manā Kar Chukā)
353,Grow / Grew / Grown,வளர் (Vaḷar) / வளர்ந்தேன் (Vaḷarndhēn) / வளர்ந்திருக்கிறேன் (Vaḷarndhirukkirēn),बढ़ना (Baṛhnā) / बढ़ा (Baṛhā) / बढ़ चुका (Baṛh Chukā)
354,Hide / Hid / Hidden,மறை (Maṟai) / மறைத்தேன் (Maṟaittēn) / மறைத்திருக்கிறேன் (Maṟaittirukkirēn),छिपाना (Chhipānā) / छिपाया (Chhipāyā) / छिपा चुका (Chhipā Chukā)
355,Mistake / Mistook / Mistaken,தவறாகக்கொள் (Tavaṟāgakkol) / தவறாகக்கொண்டேன் (Tavaṟāgakkoṇḍēn) / தவறாகக்கொண்டிருக்கிறேன் (Tavaṟāgakkoṇḍirukkirēn),गलती करना (Galtī Karnā) / गलती की (Galtī Kī) / गलती कर चुका (Galtī Kar Chukā)
356,Ride / Rode / Ridden,சவாரி செய் (Savāri Sey) / சவாரி செய்தேன் (Savāri Seydhēn) / சவாரி செய்திருக்கிறேன் (Savāri Seydhirukkirēn),सवारी करना (Savārī Karnā) / सवारी की (Savārī Kī) / सवारी कर चुका (Savārī Kar Chukā)
357,Rise / Rose / Risen,எழும்பு (Eḻumbu) / எழும்பினேன் (Eḻumbinēn) / எழும்பியுள்ளேன் (Eḻumbiyuḷḷēn),उठना (Uṭhnā) / उठा (Uṭhā) / उठ चुका (Uṭh Chukā)
358,Shake / Shook / Shaken,அசை (Asai) / அசைத்தேன் (Asaittēn) / அசைத்திருக்கிறேன் (Asaittirukkirēn),हिलाना (Hilānā) / हिलाया (Hilāyā) / हिला चुका (Hilā Chukā)
359,Shine / Shone / Shone,பிரகாசி (Pirakāsi) / பிரகாசித்தேன் (Pirakāsittēn) / பிரகாசித்திருக்கிறேன் (Pirakāsittirukkirēn),चमकना (Chamaknā) / चमका (Chamakā) / चमक चुका (Chamak Chukā)
360,Slay / Slew / Slain,கொல் (Kol) / கொன்றேன் (Konṟēn) / கொன்றிருக்கிறேன் (Konṟirukkirēn),मार डालना (Mār Ḍālnā) / मार डाला (Mār Ḍālā) / मार डाल चुका (Mār Ḍāl Chukā)
361,Smite / Smote / Smitten,தாக்கு (Tākku) / தாக்கினேன் (Tākkinēn) / தாக்கியுள்ளேன் (Tākkiyuḷḷēn),मारना (Mārnā) / मारा (Mārā) / मार चुका (Mār Chukā)
362,Strive / Strove / Striven,போராடு (Pōrāḍu) / போராடினேன் (Pōrāḍinēn) / போராடியுள்ளேன் (Pōrāḍiyuḷḷēn),प्रयास करना (Prayās Karnā) / प्रयास किया (Prayās Kiyā) / प्रयास कर चुका (Prayās Kar Chukā)
363,Tread / Trod / Trodden,மிதி (Mithi) / மிதித்தேன் (Mithittēn) / மிதித்திருக்கிறேன் (Mithittirukkirēn),चलना (Chalnā) / चला (Chalā) / चल चुका (Chal Chukā)
364,Weave / Wove / Woven,நெய் (Ney) / நெய்தேன் (Neydhēn) / நெய்திருக்கிறேன் (Neydhirukkirēn),बुनना (Bunnā) / बुना (Bunā) / बुन चुका (Bun Chukā)
365,Bid / Bade / Bidden,சொல் (Sol) / சொன்னேன் (Sonnēn) / சொல்லியிருக்கிறேன் (Solliyirukkirēn),आदेश देना (Ādeś Denā) / आदेश दिया (Ādeś Diyā) / आदेश दे चुका (Ādeś De Chukā)
366,Fall / Fell / Fallen,விழு (Viḻu) / விழுந்தேன் (Viḻundhēn) / விழுந்திருக்கிறேன் (Viḻundhirukkirēn),गिरना (Girnā) / गिरा (Girā) / गिर चुका (Gir Chukā)
367,Forgo / Forewent / Foregone,விட்டுக்கொடு (Viṭṭukkoḍu) / விட்டுக்கொடுத்தேன் (Viṭṭukkoḍuttēn) / விட்டுக்கொடுத்திருக்கிறேன் (Viṭṭukkoḍuttirukkirēn),त्यागना (Tyāgnā) / त्यागा (Tyāgā) / त्याग चुका (Tyāg Chukā)
368,Foresake / Forsook / Forsaken,கைவிடு (Kaiviḍu) / கைவிட்டேன் (Kaiviṭṭēn) / கைவிட்டிருக்கிறேன் (Kaiviṭṭirukkirēn),छोड़ देना (Choṛ Denā) / छोड़ दिया (Choṛ Diyā) / छोड़ चुका (Choṛ Chukā)
369,Hear / Heard / Heard,கேள் (Kēḷ) / கேட்டேன் (Kēṭṭēn) / கேட்டிருக்கிறேன் (Kēṭṭirukkirēn),सुनना (Sunnā) / सुना (Sunā) / सुन चुका (Sun Chukā)
370,Light / Lit / Lit,எரி (Eri) / எரித்தேன் (Erittēn) / எரித்திருக்கிறேன் (Erittirukkirēn),जलाना (Jalānā) / जलाया (Jalāyā) / जला चुका (Jalā Chukā)
371,Rend / Rent / Rent,பிள (Piḷa) / பிளந்தேன் (Piḷandhēn) / பிளந்திருக்கிறேன் (Piḷandhirukkirēn),चीरना (Chīrnā) / चीरा (Chīrā) / चीर चुका (Chīr Chukā)
372,Ring / Rang / Rung,அடி (Aḍi) / அடித்தேன் (Aḍittēn) / அடித்திருக்கிறேன் (Aḍittirukkirēn),घंटी बजाना (Ghaṇṭī Bajānā) / घंटी बजाई (Ghaṇṭī Bajāī) / घंटी बजा चुका (Ghaṇṭī Bajā Chukā)
373,See / Saw / Seen,பார் (Pār) / பார்த்தேன் (Pārttēn) / பார்த்திருக்கிறேன் (Pārttirukkirēn),देखना (Dekhnā) / देखा (Dekhā) / देख चुका (Dekh Chukā)
374,Sing / Sang / Sung,பாடல் பாடு (Pāḍal Pāḍu) / பாடல் பாடினேன் (Pāḍal Pāḍinēn) / பாடல் பாடியுள்ளேன் (Pāḍal Pāḍiyuḷḷēn),गाना (Gānā) / गाया (Gāyā) / गा चुका (Gā Chukā)
375,Slink / Slunk / Slunk,திருட்டுத்தனமாக நட (Tiruṭṭutthanumāga Naḍa) / திருட்டுத்தனமாக நடந்தேன் (Tiruṭṭutthanumāga Naḍandhēn) / திருட்டுத்தனமாக நடந்திருக்கிறேன் (Tiruṭṭutthanumāga Naḍandhirukkirēn),चुपके से जाना (Chupke Se Jānā) / चुपके से गया (Chupke Se Gayā) / चुपके से जा चुका (Chupke Se Jā Chukā)
376,Spring / Sprang / Sprung,குதி (Kudhi) / குதித்தேன் (Kudhittēn) / குதித்திருக்கிறேன் (Kudhittirukkirēn),उछलना (Uchhalnā) / उछला (Uchhalā) / उछल चुका (Uchhal Chukā)
377,Sting / Stung / Stung,கொட்டு (Koṭṭu) / கொட்டினேன் (Koṭṭinēn) / கொட்டியுள்ளேன் (Koṭṭiyuḷḷēn),डंक मारना (Ḍank Māranā) / डंक मारा (Ḍank Mārā) / डंक मार चुका (Ḍank Mār Chukā)
378,Sweep / Swept / Swept,கூட்டு (Kūṭṭu) / கூட்டினேன் (Kūṭṭinēn) / கூட்டியுள்ளேன் (Kūṭṭiyuḷḷēn),झाड़ू लगाना (Jhāṛū Lagānā) / झाड़ू लगाया (Jhāṛū Lagāyā) / झाड़ू लगा चुका (Jhāṛū Lagā Chukā)
379,Swear / Swore / Sworn,சத்தியம் செய் (Saththiyam Sey) / சத்தியம் செய்தேன் (Saththiyam Seydhēn) / சத்தியம் செய்திருக்கிறேன் (Saththiyam Seydhirukkirēn),कसम खाना (Kasam Khānā) / कसम खाई (Kasam Khāī) / कसम खा चुका (Kasam Khā Chukā)
380,Swim / Swam / Swum,நீந்து (Nīndhu) / நீந்தினேன் (Nīndhinēn) / நீந்தியுள்ளேன் (Nīndhiyuḷḷēn),तैरना (Tairnā) / तैरा (Tairā) / तैर चुका (Tair Chukā)
381,Tear / Tore / Torn,கிழி (Kiḻi) / கிழித்தேன் (Kiḻittēn) / கிழித்திருக்கிறேன் (Kiḻittirukkirēn),फाड़ना (Phāṛnā) / फाड़ा (Phāṛā) / फाड़ चुका (Phāṛ Chukā)
382,Undertake / Undertook / Undertaken,பொறுப்பேற்றுக்கொள் (Poṟuppēṟṟukkoḷ) / பொறுப்பேற்றுக்கொண்டேன் (Poṟuppēṟṟukkoṇḍēn) / பொறுப்பேற்றுக்கொண்டிருக்கிறேன் (Poṟuppēṟṟukkoṇḍirukkirēn),जिम्मेदारी लेना (Zimmedārī Lenā) / जिम्मेदारी ली (Zimmedārī Lī) / जिम्मेदारी ले चुका (Zimmedārī Le Chukā)
383,Upset / Upset / Upset,மன வருத்தம் அடை (Maṉa Varuttham Aḍai) / மன வருத்தம் அடைந்தேன் (Maṉa Varuttham Aḍaindhēn) / மன வருத்தம் அடைந்திருக்கிறேன் (Maṉa Varuttham Aḍaindhirukkirēn),परेशान करना (Pareshān Karnā) / परेशान किया (Pareshān Kiyā) / परेशान कर चुका (Pareshān Kar Chukā)
384,Weep / Wept / Wept,அழு (Aḻu) / அழுதேன் (Aḻudēn) / அழுதிருக்கிறேன் (Aḻudhirukkirēn),रोना (Ronā) / रोया (Royā) / रो चुका (Ro Chukā)
385,Wind / Wound / Wound,சுற்று (Suṟṟu) / சுற்றினேன் (Suṟṟinēn) / சுற்றியுள்ளேன் (Suṟṟiyuḷḷēn),लपेटना (Lapeṭnā) / लपेटा (Lapeṭā) / लपेट चुका (Lapeṭ Chukā)
386,Wring / Wrung / Wrung,பிழி (Piḻi) / பிழிந்தேன் (Piḻindhēn) / பிழிந்திருக்கிறேன் (Piḻindhirukkirēn),निचोड़ना (Nichoṛnā) / निचोड़ा (Nichoṛā) / निचोड़ चुका (Nichoṛ Chukā)
387,Write / Wrote / Written,எழுது (Eḻudu) / எழுதினேன் (Eḻudinēn) / எழுதியுள்ளேன் (Eḻutiyuḷḷēn),लिखना (Likhna) / लिखा (Likhā) / लिख चुका (Likh Chukā)
388,Acquit / Acquitted / Acquitted,விடுவி (Viḍuvi) / விடுவித்தேன் (Viḍuvittēn) / விடுவித்திருக்கிறேன் (Viḍuvittirukkirēn),बरी करना (Barī Karnā) / बरी किया (Barī Kiyā) / बरी कर चुका (Barī Kar Chukā)
389,Argue / Argued / Argued,விவாதி (Vivādhi) / விவாதித்தேன் (Vivādhittēn) / விவாதித்திருக்கிறேன் (Vivādhittirukkirēn),बहस करना (Bahas Karnā) / बहस की (Bahas Kī) / बहस कर चुका (Bahas Kar Chukā)
390,Bless / Blessed / Blessed,ஆசீர்வதி (Āsīrvadhi) / ஆசீர்வதித்தேன் (Āsīrvadhittēn) / ஆசீர்வதித்திருக்கிறேன் (Āsīrvadhittirukkirēn),आशीर्वाद देना (Āśīrvād Denā) / आशीर्वाद दिया (Āśīrvād Diyā) / आशीर्वाद दे चुका (Āśīrvād De Chukā)
391,Calculate / Calculated / Calculated,கணக்கிடு (Kaṇakkiḍu) / கணக்கிட்டேன் (Kaṇakkiṭṭēn) / கணக்கிட்டிருக்கிறேன் (Kaṇakkiṭṭirukkirēn),गणना करना (Gaṇnā Karnā) / गणना की (Gaṇnā Kī) / गणना कर चुका (Gaṇnā Kar Chukā)
392,Challenge / Challenged / Challenged,சவால் விடு (Savāl Viḍu) / சவால் விட்டேன் (Savāl Viṭṭēn) / சவால் விட்டிருக்கிறேன் (Savāl Viṭṭirukkirēn),चुनौती देना (Chunautī Denā) / चुनौती दी (Chunautī Dī) / चुनौती दे चुका (Chunautī De Chukā)
393,Control / Controlled / Controlled,கட்டுப்படுத்து (Kaṭṭuppaḍuttu) / கட்டுப்படுத்தினேன் (Kaṭṭuppaḍuttinēn) / கட்டுப்படுத்தியுள்ளேன் (Kaṭṭuppaḍuttiyuḷḷēn),नियंत्रण करना (Niyantraṇ Karnā) / नियंत्रण किया (Niyantraṇ Kiyā) / नियंत्रण कर चुका (Niyantraṇ Kar Chukā)
394,Dispute / Disputed / Disputed,விவாதம் செய் (Vivādham Sey) / விவாதம் செய்தேன் (Vivādham Seydhēn) / விவாதம் செய்திருக்கிறேன் (Vivādham Seydhirukkirēn),विवाद करना (Vivād Karnā) / विवाद किया (Vivād Kiyā) / विवाद कर चुका (Vivād Kar Chukā)
395,Endure / Endured / Endured,தாங்கிக்கொள் (Tāṅgikkoḷ) / தாங்கிக்கொண்டேன் (Tāṅgikkoṇḍēn) / தாங்கிக்கொண்டிருக்கிறேன் (Tāṅgikkoṇḍirukkirēn),सहन करना (Sahan Karnā) / सहन किया (Sahan Kiyā) / सहन कर चुका (Sahan Kar Chukā)
396,Exceed / Exceeded / Exceeded,மீறு (Mīṟu) / மீறினேன் (Mīṟinēn) / மீறியுள்ளேன் (Mīṟiyuḷḷēn),पार करना (Pār Karnā) / पार किया (Pār Kiyā) / पार कर चुका (Pār Kar Chukā)
397,Focus / Focused / Focused,கவனத்தை செலுத்து (Kavaṉatthai Seluttu) / கவனத்தை செலுத்தினேன் (Kavaṉatthai Seluttinēn) / கவனத்தை செலுத்தியுள்ளேன் (Kavaṉatthai Seluttiyuḷḷēn),ध्यान केंद्रित करना (Dhyān Kendrit Karnā) / ध्यान केंद्रित किया (Dhyān Kendrit Kiyā) / ध्यान केंद्रित कर चुका (Dhyān Kendrit Kar Chukā)
398,Harm / Harmed / Harmed,தீங்கு செய் (Tīṅgu Sey) / தீங்கு செய்தேன் (Tīṅgu Seydhēn) / தீங்கு செய்திருக்கிறேன் (Tīṅgu Seydhirukkirēn),नुकसान पहुँचाना (Nuksān Pahuñchānā) / नुकसान पहुँचाया (Nuksān Pahuñchāyā) / नुकसान पहुँचा चुका (Nuksān Pahuñchā Chukā)
399,Imagine / Imagined / Imagined,கற்பனை செய் (Kaṟpaṉai Sey) / கற்பனை செய்தேன் (Kaṟpaṉai Seydhēn) / கற்பனை செய்திருக்கிறேன் (Kaṟpaṉai Seydhirukkirēn),कल्पना करना (Kalpanā Karnā) / कल्पना की (Kalpanā Kī) / कल्पना कर चुका (Kalpanā Kar Chukā)
400,Worry / Worried / Worried,கவலைப்படு (Kavalaippaḍu) / கவலைப்பட்டேன் (Kavalaippaṭṭēn) / கவலைப்பட்டிருக்கிறேன் (Kavalaippaṭṭirukkirēn),चिंता करना (Chintā Karnā) / चिंता की (Chintā Kī) / चिंता कर चुका (Chintā Kar Chukā)