Serial Number,English Word,Part of Speech,Tamil Translation,Hindi Translation,English Example,Tamil Example,Hindi Example,Synonyms,Tamil Meaning
1,Ambiguous,Adjective,தெளிவற்ற,अस्पष्ट (Aspasht),His statement was ambiguous.,அவரது கூற்று தெளிவற்றதாக இருந்தது.,उनका बयान अस्पष्ट था।,"Uncertain, Vague, Obscure",தெளிவற்ற
2,Incorporate,Verb,இணைத்துக்கொள்,शामिल करना (Shaamil Karna),We must incorporate new ideas.,நாம் புதிய யோசனைகளை இணைத்துக்கொள்ள வேண்டும்.,हमें नए विचारों को शामिल करना चाहिए।,"Include, Integrate, Combine",ஒருங்கிணைத்தல்
3,Pinnacle,Noun,உச்சம்,शिखर (Shikhar),He reached the pinnacle of his career.,அவர் தனது தொழிலின் உச்சத்தை அடைந்தார்.,उन्होंने अपने करियर के शिखर को छुआ।,"Peak, Summit, Apex",உச்சி / சிகரம்
4,Serene,Adjective,அமைதியான,शांत (Shaant),The lake was calm and serene.,ஏரி அமைதியாகவும் அமைதியானதாகவும் இருந்தது.,झील शांत और सौम्य थी।,"Calm, Peaceful, Tranquil",அமைதியான
5,Meticulously,Adverb,நுணுக்கமாக,सावधानी से (Saavdhani Se),She planned the event meticulously.,அவள் நிகழ்வை நுணுக்கமாக திட்டமிட்டாள்.,उसने कार्यक्रम की योजना सावधानी से बनाई।,"Carefully, Precisely, Thoroughly",நுணுக்கமாக
6,Ephemeral,Adjective,நிலையற்ற,क्षणभंगुर (Kshanbhangur),The beauty of the flower is ephemeral.,இந்த மலரின் அழகு நிலையற்றது.,फूल की सुंदरता क्षणिक होती है।,"Brief, Short-lived, Transitory",தற்காலிகமான
7,Resilience,Noun,மீள்திறன்,लचीलापन (Lacheelapan),Her resilience helped her recover.,அவளது மீள்திறன் மீட்க உதவியது.,उनकी लचीलापन ने उन्हें ठीक होने में मदद की।,"Flexibility, Toughness, Elasticity",மீள்திறன்
8,Diligent,Adjective,சுறுசுறுப்பான,मेहनती (Mehnati),The student is very diligent.,அந்த மாணவர் மிகவும் சுறுசுறுப்பானவர்.,वह छात्र बहुत मेहनती है।,"Hardworking, Assiduous, Earnest",விடாமுயற்சியுள்ள
9,Innovate,Verb,புதுமைப்படுத்து,नवाचार करना (Navaachaar Karna),Companies must innovate to survive.,நிறுவனங்கள் வாழ புதுமைப்படுத்த வேண்டும்.,कंपनियों को जीवित रहने के लिए नवाचार करना चाहिए।,"Invent, Create, Modernize",புதுமைப்படுத்து
10,Ubiquitous,Adjective,எல்லா இடங்களிலும் உள்ள,सर्वव्यापी (Sarvavyaapi),Smartphones are now ubiquitous.,ஸ்மார்ட்போன்கள் இப்போது எல்லா இடங்களிலும் உள்ளன.,स्मार्टफोन अब सर्वव्यापी हैं।,"Everywhere, Pervasive, Omnipresent",எங்கும் நிறைந்த
11,Paradox,Noun,முரண்பாடு,विरोधाभास (Virodhabhaas),It's a strange paradox.,இது ஒரு விசித்திரமான முரண்பாடு.,यह एक अजीब विरोधाभास है।,"Contradiction, Inconsistency, Puzzle",முரண்பாடு
12,Mitigate,Verb,தணி,कम करना (Kam Karna),We need to mitigate the risks.,நாம் ஆபத்துக்களை தணிக்க வேண்டும்.,हमें जोखिमों को कम करने की जरूरत है।,"Alleviate, Reduce, Lessen",தணித்தல்
13,Voracious,Adjective,பேராசை கொண்ட,लालची (Laalchi),He has a voracious appetite for books.,அவருக்குப் புத்தகங்கள் மீது பேராசை கொண்ட பசி உள்ளது.,उन्हें किताबों का लालची शौक है।,"Insatiable, Greedy, Ravenous",பேராசை கொண்ட
14,Cliché,Noun,வழக்கமான ஒன்று,घिसा-पिटा (Ghisa-Pitaa),The ending of the film was a cliché.,படத்தின் முடிவு வழக்கமான ஒன்றாக இருந்தது.,फिल्म का अंत एक घिसा-पिटा था।,"Platitude, Stereotype, Banality",தேய்வழக்கு
15,Exacerbate,Verb,மோசமாக்கு,बदतर बनाना (Badtar Banana),Don't exacerbate the problem.,பிரச்சனையை மோசமாக்க வேண்டாம்.,समस्या को बदतर न बनाएं।,"Aggravate, Worsen, Inflame",மோசமாக்கு
16,Ephemeral,Adjective,மறையும்,अल्पकालिक (Alpakaalik),Joy can be ephemeral.,மகிழ்ச்சி மறையும் தன்மையுடையது.,खुशी क्षणिक हो सकती है।,"Fleeting, Momentary, Passing",நிலையற்ற
17,Humble,Adjective,பணிவான,विनम्र (Vinamra),"Despite his success, he remained humble.","அவரது வெற்றி இருந்தபோதிலும், அவர் பணிவாக இருந்தார்.","अपनी सफलता के बावजूद, वह विनम्र रहे।","Modest, Lowly, Meek",அடக்கமான
18,Elaborate,Verb,விரிவாக கூறு,विस्तार से बताना (Vistaar Se Bataana),Please elaborate on your plan.,தயவுசெய்து உங்கள் திட்டத்தை விரிவாகக் கூறுங்கள்.,कृपया अपनी योजना विस्तार से बताएं।,"Detailed, Complex, Intricate",விரிவான
19,Skeptical,Adjective,சந்தேகமுள்ள,संशयवादी (Sanshayvaadi),I'm skeptical about his claims.,அவரது கூற்றுக்கள் பற்றி எனக்கு சந்தேகமுள்ளது.,मैं उनके दावों के बारे में संशयवादी हूँ।,"Doubtful, Dubious, Cynical",சந்தேகமுள்ள
20,Feasible,Adjective,சாத்தியமான,संभव (Sambhav),This solution seems feasible.,இந்த தீர்வு சாத்தியமானதாக தோன்றுகிறது.,यह समाधान संभव लगता है।,"Possible, Practical, Viable",சாத்தியமான
21,Acquire,Verb,பெறு,प्राप्त करना (Praapt Karna),They plan to acquire a new company.,அவர்கள் ஒரு புதிய நிறுவனத்தை பெற திட்டமிட்டுள்ளனர்.,वे एक नई कंपनी प्राप्त करने की योजना बना रहे हैं।,"Obtain, Gain, Get",பெறுதல்
22,Fluctuate,Verb,ஏறு இறங்கு,उतार-चढ़ाव होना (Utaar-Chadhav Hona),Prices often fluctuate.,விலைகள் அடிக்கடி ஏறு இறங்கும்.,कीमतें अक्सर उतार-चढ़ाव करती हैं।,"Vary, Waver, Shift",ஏற்றத்தாழ்வு
23,Vivid,Adjective,தெளிவான,स्पष्ट (Spasht),I have a vivid memory of that day.,அந்த நாள் பற்றிய தெளிவான நினைவு எனக்கு இருக்கிறது.,मुझे उस दिन की स्पष्ट याद है।,"Bright, Intense, Graphic",தெளிவான / பிரகாசமான
24,Conjecture,Noun,ஊகம்,अनुमान (Anumaan),That is pure conjecture.,அது வெறும் ஊகம் ஆகும்.,वह शुद्ध अनुमान है।,"Guess, Speculation, Surmise",ஊகம்
25,Disparate,Adjective,வேறுபட்ட,असमान (Asamaan),The group had disparate interests.,குழு வேறுபட்ட ஆர்வங்களைக் கொண்டிருந்தது.,समूह के हित असमान थे।,"Different, Distinct, Diverse",வேறுபட்ட
26,Encompass,Verb,உள்ளடக்கு,समाविष्ट करना (Samaavisht Karna),The course will encompass many topics.,இந்தப் பாடத்திட்டம் பல தலைப்புகளை உள்ளடக்கும்.,पाठ्यक्रम में कई विषय समाविष्ट होंगे।,"Surround, Include, Cover",உள்ளடக்கிய
27,Gratify,Verb,திருப்திப்படுத்து,संतुष्ट करना (Santusht Karna),His success will gratify his parents.,அவரது வெற்றி அவரது பெற்றோரை திருப்திப்படுத்தும்.,उसकी सफलता से उसके माता-पिता संतुष्ट होंगे।,"Satisfy, Please, Delight",திருப்திப்படுத்து
28,Imminent,Adjective,உடனடியான,आसन्न (Aasann),The storm is imminent.,புயல் உடனடியாக வரவிருக்கிறது.,तूफान आसन्न है।,"Impending, Approaching, Looming",நெருங்கி வருகிற
29,Lethargic,Adjective,சோம்பலான,सुस्त (Sust),He felt lethargic after the meal.,உணவுக்குப் பிறகு அவர் சோம்பலாக உணர்ந்தார்.,भोजन के बाद उन्होंने सुस्त महसूस किया।,"Sluggish, Lazy, Inactive",மந்தமான
30,Novel,Adjective,புதிய,नया (Naya),That's a novel approach.,அது ஒரு புதிய அணுகுமுறை.,वह एक नया दृष्टिकोण है।,"New, Original, Innovative",புதிய
31,Obscure,Adjective,தெளிவற்ற,अस्पष्ट (Aspasht),His motives remain obscure.,அவரது நோக்கங்கள் தெளிவற்றதாக இருக்கின்றன.,उनके इरादे अस्पष्ट बने हुए हैं।,"Unclear, Hidden, Unknown",மங்கலான
32,Pervasive,Adjective,பரவலான,व्यापक (Vyaapak),Corruption is pervasive.,ஊழல் பரவலாக உள்ளது.,भ्रष्टाचार व्यापक है।,"Widespread, Extensive, General",பரவலான
33,Quell,Verb,அடக்கு,दबाना (Dabaana),The police tried to quell the riot.,கலவரத்தை அடக்க காவல்துறை முயற்சித்தது.,पुलिस ने दंगे को दबाने की कोशिश की।,"Suppress, Extinguish, Subdue",அடக்குதல்
34,Scrutinize,Verb,நுணுக்கமாக ஆராய்,जांचना (Jaanchana),The boss will scrutinize the report.,முதலாளி அறிக்கையை நுணுக்கமாக ஆராய்வார்.,मालिक रिपोर्ट को जांचेंगे।,"Examine, Inspect, Analyze",கூர்ந்து கவனி
35,Tenuous,Adjective,மெல்லிய,कमजोर (Kamzor),The connection is very tenuous.,இணைப்பு மிகவும் மெல்லியதாக உள்ளது.,संबंध बहुत कमजोर है।,"Weak, Fragile, Slender",பலவீனமான
36,Venerate,Verb,மதி,सम्मान करना (Sammaan Karna),We venerate our ancestors.,நாங்கள் எங்கள் மூதாதையர்களை மதிக்கிறோம்.,हम अपने पूर्वजों का सम्मान करते हैं।,"Revere, Respect, Worship",போற்றுதல்
37,Wane,Verb,குறை,घटना (Ghatna),The moon's light will wane.,நிலவின் ஒளி குறையும்.,चाँद की रोशनी घटेगी।,"Decline, Diminish, Fade",தேய்தல் / குறைதல்
38,Zealous,Adjective,ஆர்வமுள்ள,उत्साही (Utsaahi),She is a zealous supporter.,அவள் ஒரு ஆர்வமுள்ள ஆதரவாளர்.,वह एक उत्साही समर्थक है।,"Enthusiastic, Passionate, Eager",ஆர்வமிக்க
39,Bolster,Verb,பலப்படுத்து,मजबूत करना (Majboot Karna),Exercise can bolster your health.,உடற்பயிற்சி உங்கள் ஆரோக்கியத்தை பலப்படுத்தும்.,व्यायाम आपके स्वास्थ्य को मजबूत कर सकता है।,"Support, Strengthen, Boost",பலப்படுத்து
40,Capricious,Adjective,நிலையற்ற,मनमौजी (Manmauji),The weather is capricious today.,இன்று வானிலை நிலையற்றதாக உள்ளது.,आज मौसम मनमौजी है।,"Fickle, Unpredictable, Erratic",நிலையற்ற புத்தி
41,Delineate,Verb,கோடிட்டுக் காட்டு,चित्रित करना (Chitrit Karna),You need to delineate the boundaries.,நீங்கள் எல்லைகளை கோடிட்டுக் காட்ட வேண்டும்.,आपको सीमाओं को चित्रित करने की आवश्यकता है।,"Describe, Outline, Define",வரைறுத்தல்
42,Equivocate,Verb,இருபொருள் பேசு,टालमटोल करना (Taalmatol Karna),Don't equivocate in your answer.,உங்கள் பதிலில் இருபொருள் பேச வேண்டாம்.,अपने उत्तर में टालमटोल न करें।,"Prevaricate, Hedge, Stall",நழுவுதல்
43,Hapless,Adjective,துரதிர்ஷ்டவசமான,अभागा (Abhaaga),The hapless traveller lost his way.,துரதிர்ஷ்டவசமான பயணி வழிதவறிவிட்டார்.,अभागा यात्री अपना रास्ता भटक गया।,"Unfortunate, Unlucky, Luckless",துரதிர்ஷ்டவசமான
44,Intrepid,Adjective,அஞ்சாத,निडर (Nidar),The intrepid explorers reached the pole.,அஞ்சாத ஆராய்ச்சியாளர்கள் துருவத்தை அடைந்தனர்.,निडर खोजकर्ता ध्रुव पर पहुँचे।,"Fearless, Brave, Courageous",அஞ்சாத / துணிச்சலான
45,Juxtapose,Verb,அடுத்தடுத்து வை,पास-पास रखना (Paas-Paas Rakhna),The artist juxtaposed dark and light colors.,கலைஞர் இருண்ட மற்றும் லேசான வண்ணங்களை அடுத்தடுத்து வைத்தார்.,कलाकार ने काले और हल्के रंगों को पास-पास रखा।,"Contrast, Place side by side",அருகருகே வை
46,Languish,Verb,நலிவடை,कमजोर पड़ना (Kamzor Padna),The plants will languish without water.,தண்ணீர் இல்லாமல் செடிகள் நலிவடையும்.,पानी के बिना पौधे कमजोर पड़ जाएंगे।,"Weaken, Deteriorate, Decline",நலிவடைதல்
47,Perfunctory,Adjective,மேலோட்டமான,लापरवाही भरा (Laaparvaahi Bhara),The cleaner did a perfunctory job.,துப்புரவு பணியாளர் ஒரு மேலோட்டமான வேலையைச் செய்தார்.,सफाईकर्मी ने लापरवाही भरा काम किया।,"Cursory, Careless, Brief",கடமைக்காக
48,Quixotic,Adjective,நடைமுறை சாத்தியமற்ற,अव्यावहारिक (Avyavahaarik),His plan was utterly quixotic.,அவரது திட்டம் முற்றிலும் நடைமுறை சாத்தியமற்றது.,उनकी योजना पूरी तरह से अव्यावहारिक थी।,"Idealistic, Unrealistic, Impractical",நடைமுறைக்கு ஒவ்வாத
49,Ruminate,Verb,சிந்தி,सोचना (Sochna),She needs time to ruminate on the offer.,அந்த சலுகையைப் பற்றி சிந்திக்க அவளுக்கு நேரம் தேவை.,उसे प्रस्ताव पर सोचने के लिए समय चाहिए।,"Ponder, Meditate, Muse",ஆழமாக சிந்தி
50,Stymie,Verb,தடுத்து நிறுத்து,रोकना (Rokna),Bad weather stymied the rescue mission.,மோசமான வானிலை மீட்பு பணியை தடுத்து நிறுத்தியது.,खराब मौसम ने बचाव मिशन को रोक दिया।,"Hinder, Block, Obstruct",தடுத்தல்
51,Abrogate,Verb,ரத்து செய்,रद्द करना (Radd Karna),They voted to abrogate the treaty.,அவர்கள் ஒப்பந்தத்தை ரத்து செய்ய வாக்களித்தனர்.,उन्होंने संधि को रद्द करने के लिए वोट किया।,"Repeal, Revoke, Annul",ரத்து செய்தல்
52,Ascetic,Adjective,துறவற,तपस्वी (Tapasvi),The monk lived an ascetic life.,அந்த துறவி ஒரு துறவற வாழ்க்கையை வாழ்ந்தார்.,साधु ने तपस्वी जीवन जिया।,"Austere, Self-denying, Hermit",துறவி
53,Cacophony,Noun,இரைச்சல்,कोलाहल (Kolahal),The party created a terrible cacophony.,அந்த விருந்து பயங்கரமான இரைச்சலை உருவாக்கியது.,पार्टी ने भयानक कोलाहल पैदा किया।,"Noise, Discord, Harshness",கரகரப்பான சத்தம்
54,Dichotomy,Noun,இருபிரிவு,द्विभाजन (Dvibhaajan),There is a clear dichotomy in the policy.,கொள்கையில் ஒரு தெளிவான இருபிரிவு உள்ளது.,नीति में एक स्पष्ट द्विभाजन है।,"Division, Contrast, Split",இரண்டாகப் பிரிதல்
55,Ebullient,Adjective,உற்சாகமான,उत्साहित (Utsaahit),Her ebullient personality cheered us up.,அவளது உற்சாகமான ஆளுமை எங்களை மகிழ்ச்சிப்படுத்தியது.,उसके उत्साहित व्यक्तित्व ने हमें खुश कर दिया।,"Cheerful, Joyful, Exuberant",துடிப்பான
56,Fickle,Adjective,நிலையற்ற,चंचल (Chanchal),Public opinion can be very fickle.,பொது கருத்து மிகவும் நிலையற்றதாக இருக்கலாம்.,जनमत बहुत चंचल हो सकता है।,"Capricious, Changeable, Variable",நிலையற்ற
57,Gregarious,Adjective,கூட்டமாக வாழும்,मिलनसार (Milansaar),She is a gregarious and friendly person.,அவள் ஒரு கூட்டமாக வாழும் மற்றும் நட்பான நபர்.,वह एक मिलनसार और दोस्ताना इंसान है।,"Sociable, Outgoing, Friendly",கலகலப்பான
58,Heuristic,Adjective,சுயமாகக் கண்டறியும்,अनुमानी (Anumaani),We used a heuristic approach to solve it.,அதைத் தீர்க்க நாங்கள் ஒரு சுயமாகக் கண்டறியும் அணுகுமுறையைப் பயன்படுத்தினோம்.,हमने इसे हल करने के लिए एक अनुमानी दृष्टिकोण का इस्तेमाल किया।,"Practical, Hands-on, Empirical",அனுபவம் சார்ந்த
59,Impeccable,Adjective,குறையற்ற,त्रुटिहीन (Trutihin),His manners were impeccable.,அவரது நடத்தை குறையற்றதாக இருந்தது.,उनका व्यवहार त्रुटिहीन था।,"Flawless, Perfect, Spotless",குறையற்ற
60,Juggernaut,Noun,தடைசெய்ய முடியாத சக்தி,प्रचंड शक्ति (Prachand Shakti),The company became a market juggernaut.,அந்த நிறுவனம் ஒரு சந்தை தடைசெய்ய முடியாத சக்தியாக மாறியது.,कंपनी एक बाजार प्रचंड शक्ति बन गई।,"Force, Power, Steamroller",தடுக்க முடியாத சக்தி
61,Labyrinth,Noun,சிக்கலான பாதை,भूलभुलैया (Bhoolbhulaiya),We got lost in the labyrinth of streets.,நாங்கள் தெருக்களின் சிக்கலான பாதையில் தொலைந்து போனோம்.,हम सड़कों की भूलभुलैया में खो गए।,"Maze, Network, Web",சிக்கலான பாதை
62,Mellifluous,Adjective,இனிமையான குரல் கொண்ட,मधुरभाषी (Madhurbhaashi),The singer had a mellifluous voice.,அந்தப் பாடகருக்கு இனிமையான குரல் இருந்தது.,गायक की आवाज़ मधुरभाषी थी।,"Sweet, Dulcet, Smooth",இனிமையான ஒலி
63,Nefarious,Adjective,தீய,कुटिल (Kutil),They uncovered a ** nefarious** plot.,அவர்கள் ஒரு தீய சதித்திட்டத்தைக் கண்டுபிடித்தனர்.,उन्होंने एक कुटिल साजिश का पर्दाफाश किया।,"Wicked, Evil, Villainous",கொடிய / தீய
64,Obfuscate,Verb,குழப்பு,अस्पष्ट करना (Aspasht Karna),He tried to obfuscate the truth.,அவர் உண்மையை குழப்ப முயன்றார்.,उन्होंने सच्चाई को अस्पष्ट करने की कोशिश की।,"Confuse, Blur, Muddle",குழப்புதல்
65,Pugnacious,Adjective,சண்டை பிடிக்கும்,झगड़ालू (Jhagaraloo),The politician was known for his pugnacious style.,அந்த அரசியல்வாதி தனது சண்டை பிடிக்கும் பாணிக்கு பெயர் பெற்றவர்.,वह राजनेता अपनी झगड़ालू शैली के लिए जाने जाते थे।,"Aggressive, Belligerent, Hostile",சண்டையிடும் குணம்
66,Quotidian,Adjective,அன்றாட,रोज़मर्रा का (Rozmarra Ka),Cleaning is a quotidian chore.,சுத்தம் செய்வது ஒரு அன்றாட வேலை.,सफाई एक रोज़मर्रा का काम है।,"Daily, Everyday, Ordinary",அன்றாட
67,Recalcitrant,Adjective,பிடிவாதமான,हठी (Hathi),The boy was recalcitrant and refused to obey.,"அந்தச் சிறுவன் பிடிவாதமாக இருந்தான், கீழ்ப்படிய மறுத்தான்.",वह लड़का हठी था और आज्ञा मानने से इनकार कर दिया।,"Uncooperative, Stubborn, Defiant",பிடிவாதமான
68,Salient,Adjective,முக்கியமான,मुख्य (Mukhya),The salient points of the report were highlighted.,அறிக்கையின் முக்கியமான புள்ளிகள் எடுத்துக்காட்டப்பட்டன.,रिपोर्ट के मुख्य बिंदुओं पर प्रकाश डाला गया।,"Important, Main, Notable",முக்கியமான
69,Tacit,Adjective,மௌனமான,मौन (Maun),They reached a tacit agreement.,அவர்கள் ஒரு மௌனமான உடன்பாட்டை அடைந்தனர்.,वे एक मौन समझौते पर पहुँचे।,"Implicit, Silent, Unspoken",மௌனமான சம்மதம்
70,Vicarious,Adjective,மற்றவர் மூலம் உணரும்,परोक्ष (Paroksh),She felt a vicarious thrill watching the race.,பந்தயத்தைப் பார்த்து அவள் ஒரு மற்றவர் மூலம் உணரும் சிலிர்ப்பை உணர்ந்தாள்.,रेस देखकर उसे परोक्ष रोमांच महसूस हुआ।,"Indirect, Second-hand",பிறர் வழி உணர்தல்
71,Wistful,Adjective,ஏங்கக்கூடிய,उदास (Udaas),He gave a wistful smile.,அவர் ஒரு ஏங்கக்கூடிய புன்னகையை அளித்தார்.,उसने एक उदास मुस्कान दी।,"Regretful, Longing, Yearning",ஏக்கம் நிறைந்த
72,Yawn,Verb,கொட்டாவி விடு,जम्हाई लेना (Jamhaai Lena),I began to yawn during the long meeting.,நீண்ட கூட்டத்தின் போது நான் கொட்டாவி விட ஆரம்பித்தேன்.,लंबी बैठक के दौरान मुझे जम्हाई आने लगी।,"Gape, Opening",கொட்டாவி
73,Zenith,Noun,உச்சநிலை,चरमोत्कर्ष (Charmotkarsh),The sun reached its zenith at noon.,சூரியன் நண்பகலில் அதன் உச்சநிலையை அடைந்தது.,दोपहर में सूर्य अपने चरमोत्कर्ष पर पहुँच गया।,"Peak, Pinnacle, Summit",உச்சக்கட்டம்
74,Alacrity,Noun,விரைவு,तत्परता (Tatparta),She accepted the offer with alacrity.,அவள் விரைவுடன் சலுகையை ஏற்றுக்கொண்டாள்.,उसने तत्परता से प्रस्ताव स्वीकार कर लिया।,"Eagerness, Readiness, Speed",உற்சாகம்
75,Blandishment,Noun,முகஸ்துதி,चापलूसी (Chaaploosi),He resisted the salesman's blandishments.,அவர் விற்பனையாளரின் முகஸ்துதிக்கு எதிர்ப்பு தெரிவித்தார்.,उन्होंने विक्रेता की चापलूसी का विरोध किया।,"Flattery, Cajolery",முகஸ்துதி
76,Censure,Verb,கண்டி,निंदा करना (Ninda Karna),The committee decided to censure the member.,குழு உறுப்பினரைக் கண்டிக்க முடிவு செய்தது.,समिति ने सदस्य की निंदा करने का फैसला किया।,"Criticize, Condemn, Reprimand",கண்டனம்
77,Deleterious,Adjective,தீங்கு விளைவிக்கும்,हानिकारक (Haanikaarak),Smoking has a deleterious effect on health.,புகைபிடித்தல் ஆரோக்கியத்தில் தீங்கு விளைவிக்கும் விளைவைக் கொண்டுள்ளது.,धूम्रपान का स्वास्थ्य पर हानिकारक प्रभाव पड़ता है।,"Harmful, Damaging, Injurious",தீங்கான
78,Efficacy,Noun,செயல் திறன்,प्रभावशीलता (Prabhaavasheelta),The efficacy of the new medicine is high.,புதிய மருந்தின் செயல் திறன் அதிகமாக உள்ளது.,नई दवा की प्रभावशीलता अधिक है।,"Effectiveness, Success, Potency",செயல்திறன்
79,Fecund,Adjective,வளமான,उपजाऊ (Upjaau),The land was very fecund.,அந்த நிலம் மிகவும் வளமானதாக இருந்தது.,भूमि बहुत उपजाऊ थी।,"Fertile, Productive, Fruitful",வளமான
80,Garner,Verb,சேகரி,जमा करना (Jama Karna),He managed to garner enough support.,அவர் போதுமான ஆதரவை சேகரிக்க முடிந்தது.,वह पर्याप्त समर्थन जमा करने में कामयाब रहे।,"Collect, Gather, Accumulate",சேகரித்தல்
81,Hegemony,Noun,தலைமை,प्रभुत्व (Prabhutva),The nation seeks regional hegemony.,அந்த நாடு பிராந்திய தலைமையை தேடுகிறது.,राष्ट्र क्षेत्रीय प्रभुत्व चाहता है।,"Leadership, Dominance, Control",ஆதிக்கம்
82,Idiosyncrasy,Noun,தனித்தன்மை,विलक्षणता (Vilakshanta),His idiosyncrasy was eating only green foods.,பச்சை உணவுகளை மட்டுமே சாப்பிடுவது அவரது தனித்தன்மை ஆகும்.,उनकी विलक्षणता केवल हरे खाद्य पदार्थ खाना थी।,"Peculiarity, Quirk, Mannerism",தனித்தன்மை
83,Incendiary,Adjective,ஆத்திரமூட்டும்,भड़काऊ (Bhadkaau),He made an incendiary speech.,அவர் ஒரு ஆத்திரமூட்டும் உரையை நிகழ்த்தினார்.,उन्होंने एक भड़काऊ भाषण दिया।,"Inflammatory, Provocative",தூண்டிவிடும்
84,Jocund,Adjective,மகிழ்ச்சியான,हँसमुख (Hansmukh),They spent a jocund evening together.,அவர்கள் ஒன்றாக ஒரு மகிழ்ச்சியான மாலைப் பொழுதைக் கழித்தனர்.,उन्होंने एक साथ एक हँसमुख शाम बिताई।,"Cheerful, Lighthearted, Merry",மகிழ்ச்சியான
85,Kudos,Noun,பாராட்டு,प्रशंसा (Prashansa),Kudos to the team for their hard work.,அவர்களின் கடின உழைப்புக்கு குழுவுக்கு பாராட்டு.,उनकी कड़ी मेहनत के लिए टीम को प्रशंसा।,"Praise, Glory, Honor",புகழ் / பாராட்டு
86,Laconic,Adjective,சுருக்கமான,संक्षिप्त (Sankshipt),He gave a laconic reply.,அவர் ஒரு சுருக்கமான பதிலை அளித்தார்.,उन्होंने एक संक्षिप्त जवाब दिया।,"Brief, Concise, Terse",சுருக்கமான
87,Malinger,Verb,நோய்வாய்ப்பட்டதாக பாசாங்கு செய்,बीमारी का बहाना करना (Bimaari Ka Bahaana Karna),The employee tried to malinger.,ஊழியர் நோய்வாய்ப்பட்டதாக பாசாங்கு செய்ய முயன்றார்.,कर्मचारी ने बीमारी का बहाना करने की कोशिश की।,"Shirk, Fake illness",வேலையைத் தவிர்க்க
88,Nihilism,Noun,சூனியவாதம்,शून्यवाद (Shunyavaad),His philosophy bordered on nihilism.,அவரது தத்துவம் சூனியவாதத்தின் விளிம்பில் இருந்தது.,उनका दर्शन शून्यवाद की सीमा पर था।,"Skepticism, Negativism",சூனியவாதம்
89,Obsequious,Adjective,அதிகப்படியான பணிவுள்ள,चाटुकार (Chaatookar),The staff were excessively obsequious.,ஊழியர்கள் அதிகப்படியான பணிவுள்ளவர்களாக இருந்தனர்.,कर्मचारी अत्यधिक चाटुकार थे।,"Servile, Fawning, Groveling",பணிவான (மிதமிஞ்சிய)
90,Pellucid,Adjective,மிகவும் தெளிவான,पारदर्शी (Paardarshi),The water was crystal-clear and pellucid.,தண்ணீர் பளிங்கு போல் மிகவும் தெளிவாக இருந்தது.,पानी क्रिस्टल-साफ़ और पारदर्शी था।,"Clear, Transparent, Lucid",தெளிவான
91,Quagmire,Noun,சிக்கலான நிலை,दलदल (Daldal),The project turned into a political quagmire.,இந்தத் திட்டம் ஒரு அரசியல் சிக்கலான நிலையை அடைந்தது.,यह परियोजना एक राजनीतिक दलदल में बदल गई।,"Swamp, Morass, Muddle",இக்கட்டான நிலை
92,Redundant,Adjective,தேவையற்ற,अनावश्यक (Anaavashyak),That step is completely redundant.,அந்த படி முற்றிலும் தேவையற்றது.,वह कदम पूरी तरह से अनावश्यक है।,"Unnecessary, Extra, Excess",தேவையற்ற
93,Stentorian,Adjective,உரத்த (குரல்),ज़ोरदार (Zordaar),The speaker had a stentorian voice.,பேச்சாளருக்கு உரத்த குரல் இருந்தது.,वक्ता की आवाज़ ज़ोरदार थी।,"Loud, Powerful, Booming",உரத்த குரல்
94,Turgid,Adjective,வீங்கிய / புரியாத,फूला हुआ / जटिल (Foola Hua / Jatil),The writing was turgid and difficult to read.,எழுத்து புரியாததாகவும் படிக்க கடினமானதாகவும் இருந்தது.,लेखन जटिल और पढ़ने में मुश्किल था।,"Swollen, Inflated, Pompous",வீங்கிய / ஆடம்பரமான
95,Unctuous,Adjective,மிகவும் பணிவான (தரம் தாழ்ந்த),चापलूस (Chaaploos),His unctuous flattery was obvious.,அவரது மிகவும் பணிவான முகஸ்துதி வெளிப்படையாக இருந்தது.,उसकी चापलूस चापलूसी स्पष्ट थी।,"Oily, Sycophantic, Greasy",வழவழப்பான / போலியான
96,Vituperate,Verb,திட்டு,फटकारना (Phatkaarna),He used to vituperate his opponents.,அவர் தனது எதிரிகளைத் திட்டுவார்.,वह अपने विरोधियों को फटकारता था।,"Scold, Revile, Berate",வசைபாடுதல்
97,Wanton,Adjective,காரணமில்லாத,मनमाना (Manmaana),He was accused of wanton destruction.,அவர் காரணமில்லாத அழிப்பிற்காக குற்றம் சாட்டப்பட்டார்.,उस पर मनमाना विनाश का आरोप लगाया गया था।,"Reckless, Malicious, Cruel",காரணமற்ற / கொடிய
98,Xenophobia,Noun,வெளிநாட்டினர் மீதான பயம்,विदेशियों से घृणा (Videshiyon Se Ghrina),The rise of xenophobia is worrying.,வெளிநாட்டினர் மீதான பயத்தின் எழுச்சி கவலை அளிக்கிறது.,विदेशियों से घृणा का बढ़ना चिंताजनक है।,"Prejudice, Intolerance",அயல்நாட்டவர் மீதான பயம்
99,Yore,Noun,கடந்த காலம்,प्राचीन काल (Praacheen Kaal),Legends of yore are often interesting.,கடந்த காலத்தின் புராணக்கதைகள் பெரும்பாலும் சுவாரஸ்யமானவை.,प्राचीन काल की किंवदंतियाँ अक्सर दिलचस्प होती हैं।,"Past, History, Antiquity",பழங்காலம்
100,Zeitgeist,Noun,காலத்தின் பொது மனநிலை,युग की भावना (Yug Ki Bhavna),The music captured the zeitgeist of the era.,இந்த இசை அந்த சகாப்தத்தின் காலத்தின் பொது மனநிலையைப் படம்பிடித்தது.,संगीत ने उस युग की भावना को कैद किया।,"Spirit of the age, Trend",காலத்தின் போக்கு
101,Amalgamate,Verb,இணை,मिलाना (Milaana),The two companies decided to amalgamate.,இரண்டு நிறுவனங்களும் இணைய முடிவு செய்தன.,दोनों कंपनियों ने मिलने का फैसला किया।,"Combine, Merge, Unite",ஒன்றிணைத்தல்
102,Bombastic,Adjective,ஆடம்பரமான,आडंबरपूर्ण (Aadambarpurn),His speech was too bombastic.,அவரது பேச்சு மிகவும் ஆடம்பரமானதாக இருந்தது.,उनका भाषण बहुत आडंबरपूर्ण था।,"Pompous, Grandiose, Inflated",பகட்டான / ஆரவாரமான
103,Cryptic,Adjective,மர்மமான,रहस्यमय (Rahasyamay),He left a cryptic message.,அவர் ஒரு மர்மமான செய்தியை விட்டுச் சென்றார்.,उन्होंने एक रहस्यमय संदेश छोड़ा।,"Mysterious, Secret, Obscure",புதிரான
104,Disseminate,Verb,பரப்பு,फैलाना (Phailaana),The news must disseminate quickly.,இந்தச் செய்தி விரைவாகப் பரப்பப்பட வேண்டும்.,खबर तेजी से फैलानी चाहिए।,"Spread, Circulate, Diffuse",பரப்புதல்
105,Egregious,Adjective,மிக மோசமான,जघन्य (Jaghhanya),It was an egregious error.,இது ஒரு மிக மோசமான தவறு.,यह एक जघन्य गलती थी।,"Shocking, Appalling, Terrible",மிக மோசமான
106,Furtive,Adjective,திருட்டுத்தனமான,गुप्त (Gupt),They exchanged furtive glances.,அவர்கள் திருட்டுத்தனமான பார்வைகளைப் பரிமாறிக் கொண்டனர்.,उन्होंने गुप्त नज़रें मिलाईं।,"Secretive, Sly, Stealthy",ரகசியமான / திருட்டுத்தனமான
107,Garrulous,Adjective,அதிகப் பேசும்,बातूनी (Baatooni),The garrulous host kept talking.,அதிகம் பேசும் தொகுப்பாளர் பேசிக் கொண்டே இருந்தார்.,बातूनी मेज़बान बात करता रहा।,"Talkative, Loquacious, Chatty",வளவளவென்று பேசும்
108,Heterogeneous,Adjective,பலவகைப்பட்ட,विषमांगी (Vishmaangi),The crowd was heterogeneous.,கூட்டம் பலவகைப்பட்டதாக இருந்தது.,भीड़ विषमांगी थी।,"Diverse, Varied, Mixed",பலதரப்பட்ட
109,Inchoate,Adjective,முழுமையற்ற,अपूर्ण (Apurna),The plan was still inchoate.,திட்டம் இன்னும் முழுமையற்றதாக இருந்தது.,योजना अभी भी अपूर्ण थी।,"Developing, Beginning, Nascent",ஆரம்ப நிலையில் உள்ள
110,Jettison,Verb,தூக்கி எறி,त्यागना (Tyaagna),They had to jettison the cargo.,அவர்கள் சரக்குகளை தூக்கி எறிய வேண்டியிருந்தது.,उन्हें माल को त्यागना पड़ा।,"Discard, Throw away, Reject",கைவிடுதல் / எறிந்துவிடுதல்
111,Knell,Noun,முடிவின் அறிகுறி,अंत का संकेत (Ant Ka Sanket),The defeat was the knell of his career.,அந்த தோல்வி அவரது வாழ்க்கையின் முடிவின் அறிகுறியாக இருந்தது.,हार उनके करियर के अंत का संकेत थी।,"Toll, Ring, Chime",சாவு மணி
112,Lugubrious,Adjective,சோகமான,उदास (Udaas),He had a lugubrious expression.,அவரிடம் ஒரு சோகமான வெளிப்பாடு இருந்தது.,उनका उदास भाव था।,"Mournful, Gloomy, Sad",துயரமான
113,Maelstrom,Noun,கொந்தளிப்பான நிலை,भंवर (Bhanvar),He was caught in a maelstrom of controversy.,அவர் சர்ச்சையின் கொந்தளிப்பான நிலையில் சிக்கினார்.,वह विवादों के भंवर में फंस गया था।,"Whirlpool, Turmoil, Chaos",பெரும் கொந்தளிப்பு
114,Nascent,Adjective,வளரும்,नवजात (Navjaat),The nascent industry shows promise.,இந்த வளரும் தொழில் நம்பிக்கை அளிக்கிறது.,नवजात उद्योग आशाजनक है।,"Emerging, Developing, Budding",உருவாகி வருகிற
115,Opulence,Noun,செல்வம்,धन-संपत्ति (Dhan-Sampatti),The palace reflected great opulence.,அரண்மனை பெரும் செல்வத்தைப் பிரதிபலித்தது.,महल ने महान धन-संपत्ति को दर्शाया।,"Wealth, Luxury, Abundance",செல்வச் செழிப்பு
116,Paucity,Noun,பற்றாக்குறை,कमी (Kami),There is a paucity of evidence.,ஆதாரங்களின் பற்றாக்குறை உள்ளது.,सबूतों की कमी है।,"Scarcity, Lack, Dearth",பற்றாக்குறை
117,Quixotic,Adjective,கனவு காண்பது போன்ற,आदर्शवादी (Aadarshvaadi),His desire was quixotic.,அவரது ஆசை கனவு காண்பது போன்றதாக இருந்தது.,उनकी इच्छा आदर्शवादी थी।,"Unrealistic, Idealistic, Impractical",நடைமுறைக்கு சாத்தியமற்ற
118,Recuperate,Verb,மீண்டு வா,स्वास्थ्य लाभ करना (Svaasthya Laabh Karna),He needs time to recuperate.,அவர் மீண்டு வர நேரம் தேவை.,उन्हें स्वास्थ्य लाभ करने के लिए समय चाहिए।,"Recover, Heal, Mend",தேறுதல் (உடல்நலம்)
119,Sanctimonious,Adjective,பக்தியை வெளிப்படுத்தும்,पाखंडी (Paakhandi),His sanctimonious attitude annoyed everyone.,அவரது பக்தியை வெளிப்படுத்தும் அணுகுமுறை அனைவரையும் எரிச்சலூட்டியது.,उनके पाखंडी रवैये ने सभी को परेशान किया।,"Hypocritical, Self-righteous",போலியான பக்தியுள்ள
120,Terse,Adjective,சுருக்கமான,रूखा (Rookha),She gave a terse response.,அவள் ஒரு சுருக்கமான பதிலைக் கொடுத்தாள்.,उसने एक रूखा जवाब दिया।,"Brief, Concise, Short",சுருக்கமான
121,Ubiquity,Noun,எங்கும் இருக்கும் தன்மை,सर्वव्यापकता (Sarvavyaapakta),The ubiquity of mobile phones is evident.,மொபைல் போன்களின் எங்கும் இருக்கும் தன்மை தெளிவாகிறது.,मोबाइल फोन की सर्वव्यापकता स्पष्ट है।,"Omnipresence, Pervasiveness",எங்கும் நிறைந்திருக்கும் தன்மை
122,Veracity,Noun,உண்மைத்தன்மை,सत्यता (Satyata),We must question the veracity of the claim.,கூற்றின் உண்மைத்தன்மையை நாம் கேள்வி கேட்க வேண்டும்.,हमें दावे की सत्यता पर सवाल उठाना चाहिए।,"Truthfulness, Accuracy, Honesty",உண்மைத்தன்மை
123,Waffle,Verb,உளறு / நேரத்தை வீணடி,बकवास करना (Bakvaas Karna),Stop waffling and get to the point.,உளறுவதை நிறுத்திவிட்டு விஷயத்திற்கு வாருங்கள்.,बकवास करना बंद करो और मुद्दे पर आओ।,"Prattle, Jabber, Babble",வீண் பேச்சு
124,Yield,Verb,விளைச்சல் கொடு,उपज देना (Upaj Dena),The land will yield a good harvest.,நிலம் நல்ல விளைச்சல் கொடுக்கும்.,भूमि अच्छी उपज देगी।,"Produce, Give, Surrender",விளைச்சல் / விட்டுக்கொடுத்தல்
125,Zany,Adjective,விசித்திரமான / நகைச்சுவையான,सनकी (Sanaki),He had a zany sense of humor.,அவர் ஒரு விசித்திரமான நகைச்சுவை உணர்வைக் கொண்டிருந்தார்.,उसके पास सनकी हास्यबोध था।,"Eccentric, Wacky, Clownish",கோமாளித்தனமான
126,Aghast,Adjective,அதிர்ச்சியடைந்த,चकित (Chakit),They were aghast at the terrible news.,பயங்கரமான செய்தியைக் கேட்டு அவர்கள் அதிர்ச்சியடைந்தனர்.,वे भयानक खबर सुनकर चकित थे।,"Horrified, Shocked, Appalled",திடுக்கிட்ட / அதிர்ச்சியடைந்த
127,Burgeon,Verb,வேகமாக வளரு,तेजी से बढ़ना (Tezi Se Badhna),The market is beginning to burgeon.,சந்தை வேகமாக வளரத் தொடங்குகிறது.,बाजार तेजी से बढ़ना शुरू कर रहा है।,"Bloom, Flourish, Grow",தழைத்தோங்குதல்
128,Cajole,Verb,கெஞ்சு,फुसलाना (Phuslaana),She tried to cajole him into agreeing.,அவள் அவரை சம்மதிக்க கெஞ்ச முயன்றாள்.,उसने उसे सहमत होने के लिए फुसलाने की कोशिश की।,"Coax, Persuade, Wheedle",நயமாகப் பேசி ஏமாற்று
129,Decimate,Verb,பெருமளவு அழி,भारी संख्या में नष्ट करना (Bhaari Sankhya Mein Nasht Karna),The fire could decimate the forest.,அந்தத் தீ காட்டை பெருமளவு அழிக்க முடியும்.,आग जंगल को भारी संख्या में नष्ट कर सकती है।,"Destroy, Annihilate, Ruin",பேரழிவை ஏற்படுத்து
130,Elicit,Verb,வெளிக்கொணரு,निकालना (Nikaalna),We tried to elicit a response from him.,அவரிடமிருந்து ஒரு பதிலைத் வெளிக்கொணர முயன்றோம்.,हमने उससे प्रतिक्रिया निकालने की कोशिश की।,"Evoke, Extract, Obtain",வரவழைத்தல்
131,Finesse,Noun,நேர்த்தியான செயல்,कुशलता (Kushalata),He handled the situation with great finesse.,அவர் சூழ்நிலையை மிகுந்த நேர்த்தியான செயலுடன் கையாண்டார்.,उन्होंने बड़ी कुशलता से स्थिति को संभाला।,"Skill, Flair, Expertise",திறமை
132,Glib,Adjective,மேலோட்டமாகப் பேசும்,चिकनी-चुपड़ी बातें करने वाला (Chikni-Chupdi Baatein Karne Wala),Don't trust his glib promises.,அவரது மேலோட்டமாகப் பேசும் வாக்குறுதிகளை நம்ப வேண்டாம்.,उसके चिकनी-चुपड़ी वादों पर भरोसा मत करो।,"Fluent, Superficial, Slick",சரளமான (ஆனால் ஆழமற்ற)
133,Hubris,Noun,ஆணவம்,घमंड (Ghamand),His downfall was caused by his hubris.,அவரது வீழ்ச்சி அவரது ஆணவத்தால் ஏற்பட்டது.,उनकी हार उनके घमंड के कारण हुई।,"Arrogance, Pride, Conceit",அகங்காரம்
134,Impetuous,Adjective,அவசரமான,जल्दबाज (Jaldbaz),He regretted his impetuous decision.,அவர் தனது அவசரமான முடிவுக்கு வருந்தினார்.,उन्हें अपने जल्दबाज फैसले पर पछतावा हुआ।,"Impulsive, Rash, Hasty",அவசரமான / முன்கோபமுள்ள
135,Jubilee,Noun,பொன் விழா,जयंती (Jayanti),The Queen celebrated her Silver Jubilee.,ராணி தனது வெள்ளி பொன் விழாவைக் கொண்டாடினார்.,रानी ने अपनी रजत जयंती मनाई।,"Celebration, Anniversary",பொன்விழா / கொண்டாட்டம்
136,Kindred,Adjective,ஒத்த / தொடர்புடைய,समान (Samaan),They shared a kindred spirit.,அவர்கள் ஒரு ஒத்த உணர்வைப் பகிர்ந்து கொண்டனர்.,उन्होंने एक समान भावना साझा की।,"Related, Similar, Akin",உறவினர்கள் / ஒரே போன்ற
137,Lurid,Adjective,அதிர்ச்சி தரும்,भयावह (Bhayaavah),The newspaper printed lurid details.,செய்தித்தாள் அதிர்ச்சி தரும் விவரங்களை வெளியிட்டது.,अखबार ने भयावह विवरण प्रकाशित किए।,"Shocking, Sensational, Vivid",திடுக்கிட வைக்கும்
138,Miasma,Noun,துர்நாற்றம் / மோசமான சூழல்,दुर्गंध (Durgandh),The office was filled with a miasma of suspicion.,அலுவலகம் சந்தேகத்தின் மோசமான சூழலால் நிரப்பப்பட்டது.,कार्यालय संदेह की दुर्गंध से भरा हुआ था।,"Cloud, Mist, Odor",நச்சுப்புகை
139,Nostalgia,Noun,கடந்தகால ஏக்கம்,पुरानी यादें (Puraani Yaadein),The song filled me with nostalgia.,அந்தப் பாடல் எனக்குள் கடந்தகால ஏக்கத்தை நிரப்பியது.,उस गाने ने मुझे पुरानी यादों से भर दिया।,"Reminiscence, Longing",கடந்த கால நினைவு
140,Overt,Adjective,வெளிப்படையான,खुला (Khula),The threat was overt and clear.,அச்சுறுத்தல் வெளிப்படையானதாகவும் தெளிவாகவும் இருந்தது.,धमकी खुली और स्पष्ट थी।,"Obvious, Clear, Apparent",பகிரங்கமான
141,Pervade,Verb,பரவி இரு,व्याप्त होना (Vyaapt Hona),A sense of calm began to pervade the room.,அமைதி உணர்வு அறையில் பரவி இருக்கத் தொடங்கியது.,कमरे में शांति की भावना व्याप्त होने लगी।,"Spread, Permeate, Fill",பரவுதல்
142,Quip,Noun,நகைச்சுவைப் பேச்சு,मज़ाकिया बात (Mazaakiya Baat),He delivered a witty quip.,அவர் ஒரு புத்திசாலித்தனமான நகைச்சுவைப் பேச்சை வழங்கினார்.,उन्होंने एक मजाकिया मज़ाकिया बात कही।,"Joke, Witty remark, Jest",நையாண்டி
143,Reticent,Adjective,அமைதியான,अल्पभाषी (Alpbhaashi),He was reticent about his past.,அவர் தனது கடந்த காலத்தைப் பற்றி அமைதியாக இருந்தார்.,वह अपने अतीत के बारे में अल्पभाषी थे।,"Reserved, Quiet, Shy",அமைதியான / பேசத் தயங்கும்
144,Sycophant,Noun,சுயநல முகஸ்துதி செய்பவர்,चापलूस (Chaaploos),The boss surrounded himself with sycophants.,முதலாளி தன்னைச் சுயநல முகஸ்துதி செய்பவர்களால் சூழ்ந்து கொண்டார்.,बॉस ने खुद को चापलूसों से घेर लिया।,"Flatterer, Toady, Minion",முகஸ்துதி செய்பவர்
145,Trepidation,Noun,திகில் / அச்சம்,घबराहट (Ghabraahat),She faced the interview with trepidation.,அவர் திகிலுடன் நேர்காணலை எதிர்கொண்டார்.,उसने घबराहट के साथ साक्षात्कार का सामना किया।,"Fear, Anxiety, Alarm",நடுக்கம் / கலக்கம்
146,Undulate,Verb,அலை அலையாக செல்,लहरना (Laharana),The field of wheat began to undulate.,கோதுமை வயல் அலை அலையாக செல்லத் தொடங்கியது.,गेहूं का खेत लहरना शुरू हो गया।,"Ripple, Wave, Surge",அலையலையாக அசை
147,Vacillate,Verb,ஊசலாடு,डगमगाना (Dagmagaana),He tends to vacillate between two choices.,அவர் இரண்டு தேர்வுகளுக்கு இடையில் ஊசலாட முனைகிறார்.,वह दो विकल्पों के बीच डगमगाने लगता है।,"Waver, Hesitate, Dither",ஊசலாடுதல் (முடிவெடுக்க முடியாமல்)
148,Warrant,Verb,உத்தரவாதம் செய்,वारंट देना (Vaarant Dena),This error does not warrant a dismissal.,இந்தத் தவறு ஒரு பணி நீக்கத்தை உத்தரவாதம் செய்யவில்லை.,यह त्रुटि बर्खास्तगी का वारंट नहीं देती है।,"Justify, Sanction, Permit",ஆணை / உத்தரவாதம்
149,Yearn,Verb,ஏங்கு,तरसना (Tarasna),He began to yearn for his homeland.,அவர் தனது தாய்நாட்டிற்காக ஏங்க ஆரம்பித்தார்.,वह अपनी मातृभूमि के लिए तरसने लगा।,"Long, Desire, Crave",ஏங்குதல்
150,Zenith,Noun,உச்ச புள்ளி,शीर्ष (Sheersh),The company reached its zenith in the 90s.,நிறுவனம் 90 களில் அதன் உச்ச புள்ளியை அடைந்தது.,कंपनी 90 के दशक में अपने शीर्ष पर पहुंची।,"Peak, Apex, Pinnacle",உச்சநிலை
151,Abject,Adjective,இழிவான,दयनीय (Dayaneeya),They lived in abject poverty.,அவர்கள் இழிவான வறுமையில் வாழ்ந்தார்கள்.,वे दयनीय गरीबी में रहते थे।,"Wretched, Miserable, Hopeless",பரிதாபகரமான
152,Bemoan,Verb,புலம்பு,विलाप करना (Vilaap Karna),She began to bemoan her bad luck.,அவள் தன் துரதிர்ஷ்டத்திற்காகப் புலம்ப ஆரம்பித்தாள்.,उसने अपने बुरे भाग्य पर विलाप करना शुरू कर दिया।,"Lament, Mourn, Complain",புலம்புதல்
153,Chicanery,Noun,தந்திரம்,धोखा (Dhokha),Political chicanery is common.,அரசியல் தந்திரம் பொதுவானது.,राजनीतिक धोखा आम है।,"Deception, Trickery, Fraud",தந்திரம் / ஏமாற்றுவேலை
154,Demure,Adjective,அடக்கமான,शर्मीला (Sharmeela),She gave a demure smile.,அவள் ஒரு அடக்கமான புன்னகையை அளித்தாள்.,उसने एक शर्मीली मुस्कान दी।,"Modest, Reserved, Shy",அடக்கமான
155,Eschew,Verb,தவிர்த்து விடு,त्यागना (Tyaagna),He decided to eschew luxury.,அவர் ஆடம்பரத்தைத் தவிர்த்து விட முடிவு செய்தார்.,उन्होंने विलासिता को त्यागने का फैसला किया।,"Avoid, Shun, Abstain",தவிர்த்தல்
156,Fatuous,Adjective,முட்டாள்தனமான,मूर्खतापूर्ण (Moorkhataapurn),That was a fatuous comment.,அது ஒரு முட்டாள்தனமான கருத்து.,वह एक मूर्खतापूर्ण टिप्पणी थी।,"Silly, Foolish, Stupid",முட்டாள்தனமான
157,Gainsay,Verb,மறுக்க,इनकार करना (Inkaar Karna),No one could gainsay his achievement.,அவரது சாதனையை யாரும் மறுக்க முடியவில்லை.,कोई भी उनकी उपलब्धि से इनकार नहीं कर सकता था।,"Deny, Contradict, Dispute",மறுத்துக் கூறுதல்
158,Halcyon,Adjective,அமைதியான (கடந்த காலம்),शांत (Shaant),They remembered their halcyon days.,அவர்கள் தங்கள் அமைதியான நாட்களை நினைவில் வைத்திருந்தார்கள்.,उन्हें अपने शांत दिन याद थे।,"Peaceful, Calm, Happy",அமைதியான / மகிழ்ச்சியான
159,Imbibe,Verb,உறிஞ்சு / உள்வாங்கு,सोखना (Sokhna),He tried to imbibe the new knowledge.,அவர் புதிய அறிவை உள்வாங்க முயன்றார்.,उन्होंने नए ज्ञान को सोखने की कोशिश की।,"Drink, Consume, Absorb",உட்கொள்ளுதல்
160,Jocular,Adjective,கேலியான,हँसमुख (Hansmukh),He was in a jocular mood.,அவர் ஒரு கேலியான மனநிலையில் இருந்தார்.,वह हँसमुख मूड में थे।,"Humorous, Funny, Witty",நகைச்சுவையான
161,Knack,Noun,திறமை,हुनर (Hunar),She has a knack for gardening.,அவளுக்குத் தோட்டக்கலையில் ஒரு திறமை உள்ளது.,उसके पास बागवानी का हुनर है।,"Talent, Skill, Ability",சாமர்த்தியம்
162,Languid,Adjective,மந்தமான,आलसी (Aalasi),A languid afternoon nap was refreshing.,ஒரு மந்தமான மதிய உறக்கம் புத்துணர்ச்சி அளித்தது.,एक आलसी दोपहर की झपकी ताजगी भरी थी।,"Weak, Faint, Sluggish",சோர்வான
163,Misanthrope,Noun,மனித வெறுப்பாளர்,मानवद्वेषी (Maanavdveshi),He became a lonely misanthrope.,அவர் ஒரு தனிமையான மனித வெறுப்பாளராக ஆனார்.,वह एक अकेला मानवद्वेषी बन गया।,"Cynic, Hater of people",மனித வெறுப்பாளர்
164,Noxious,Adjective,நச்சுத்தன்மையுள்ள,हानिकारक (Haanikaarak),Avoid inhaling the noxious fumes.,நச்சுத்தன்மையுள்ள புகையை சுவாசிப்பதைத் தவிர்க்கவும்.,हानिकारक धुएं को सूंघने से बचें।,"Harmful, Toxic, Poisonous",நச்சுத்தன்மையுள்ள
165,Onerous,Adjective,கடினமான / பாரமான,भारी (Bhaari),He took on the onerous task.,அவர் அந்த கடினமான பணியை மேற்கொண்டார்.,उन्होंने भारी काम संभाला।,"Burdensome, Heavy, Hard",கடினமான / சுமையான
166,Paragon,Noun,சிறந்த உதாரணம்,आदर्श (Aadarsh),He is a paragon of virtue.,அவர் நற்பண்புக்கு ஒரு சிறந்த உதாரணம்.,वह सद्गुण का आदर्श है।,"Model, Ideal, Pattern",முன்மாதிரி
167,Quiescent,Adjective,செயலற்ற,निष्क्रिय (Nishkriya),The volcano remained quiescent.,எரிமலை செயலற்றதாக இருந்தது.,ज्वालामुखी निष्क्रिय रहा।,"Inactive, Quiet, Dormant",அமைதியான / செயலற்ற
168,Repudiate,Verb,மறுத்து ஒதுக்கு,अस्वीकार करना (Asweekaar Karna),He chose to repudiate the allegations.,அவர் குற்றச்சாட்டுகளை மறுத்து ஒதுக்கத் தேர்ந்தெடுத்தார்.,उन्होंने आरोपों को अस्वीकार करने का फैसला किया।,"Reject, Deny, Disown",நிராகரித்தல்
169,Spurious,Adjective,போலியான,नकली (Nakli),The documents were found to be spurious.,ஆவணங்கள் போலியானவை என்று கண்டறியப்பட்டது.,दस्तावेज़ नकली पाए गए।,"Fake, False, Counterfeit",போலியான
170,Tantamount,Adjective,சமமான,बराबर (Baraabar),His silence was tantamount to an admission.,அவரது மௌனம் ஒப்புதலுக்குச் சமமானதாக இருந்தது.,उनकी चुप्पी एक स्वीकृति के बराबर थी।,"Equivalent, Equal, Same",சமமான
171,Undermine,Verb,பலவீனப்படுத்து,कमजोर करना (Kamzor Karna),Criticism can undermine confidence.,விமர்சனம் நம்பிக்கையை பலவீனப்படுத்த முடியும்.,आलोचना आत्मविश्वास को कमजोर कर सकती है।,"Weaken, Sabotage, Erode",வலுவிழக்கச் செய்
172,Vex,Verb,எரிச்சலூட்டு,परेशान करना (Pareshaan Karna),The noise began to vex him.,சத்தம் அவரை எரிச்சலூட்ட ஆரம்பித்தது.,शोर ने उसे परेशान करना शुरू कर दिया।,"Annoy, Irritate, Bother",தொந்தரவு செய்
173,Wry,Adjective,ஏளனமான,व्यंग्यपूर्ण (Vyangyapurn),He gave a wry smile.,அவர் ஒரு ஏளனமான புன்னகையை அளித்தார்.,उन्होंने एक व्यंग्यपूर्ण मुस्कान दी।,"Sarcastic, Dry, Twisted",கிண்டலான / கோணலான
174,Yoke,Verb,இணை,जोड़ना (Jodna),We must yoke theory with practice.,நாம் கோட்பாட்டையும் நடைமுறையையும் இணைக்க வேண்டும்.,हमें सिद्धांत को अभ्यास के साथ जोड़ना चाहिए।,"Bond, Burden, Tie",பிணைப்பு / அடிமைத்தனம்
175,Zest,Noun,ஆர்வம்,उत्साह (Utsaah),She approached the task with great zest.,அவள் மிகுந்த ஆர்வத்துடன் பணியை அணுகினாள்.,उसने बड़े उत्साह के साथ कार्य को संभाला।,"Enthusiasm, Energy, Gusto",ஆர்வம் / சுவை
176,Admonish,Verb,எச்சரி,चेतावनी देना (Chetavani Dena),The teacher had to admonish the student.,ஆசிரியர் மாணவனை எச்சரிக்க வேண்டியிருந்தது.,शिक्षक को छात्र को चेतावनी देनी पड़ी।,"Reprimand, Scold, Warn",கண்டித்தல் / எச்சரித்தல்
177,Bilious,Adjective,எரிச்சலூட்டும்,चिड़चिड़ा (Chirchira),He was in a bilious mood all morning.,அவர் காலை முழுவதும் எரிச்சலூட்டும் மனநிலையில் இருந்தார்.,वह पूरी सुबह चिड़चिड़े मूड में था।,"Sickly, Irritable, Nauseous",எரிச்சலூட்டும்
178,Circumvent,Verb,தவிர்த்துச் செல்,चकमा देना (Chakma Dena),They tried to circumvent the rules.,அவர்கள் விதிகளைத் தவிர்த்துச் செல்ல முயன்றனர்.,उन्होंने नियमों को चकमा देने की कोशिश की।,"Avoid, Bypass, Evade",தவிர்த்தல் / ஏமாற்றுதல்
179,Debacle,Noun,படுதோல்வி,बड़ी विफलता (Badi Viphalta),The economic plan was a complete debacle.,பொருளாதாரத் திட்டம் ஒரு முழுமையான படுதோல்வியாக இருந்தது.,आर्थिक योजना एक पूर्ण बड़ी विफलता थी।,"Fiasco, Failure, Disaster",பெரும் தோல்வி
180,Epitome,Noun,சரியான உதாரணம்,आदर्श उदाहरण (Aadarsh Udaaharan),She is the epitome of grace.,அவள் கருணைக்கு ஒரு சரியான உதாரணம்.,वह अनुग्रह का आदर्श उदाहरण है।,"Essence, Embodiment",மிகச்சிறந்த எடுத்துக்காட்டு
181,Fervent,Adjective,தீவிரமான,जोशीला (Joshila),He gave a fervent speech.,அவர் ஒரு தீவிரமான உரையை நிகழ்த்தினார்.,उन्होंने एक जोशीला भाषण दिया।,"Passionate, Intense, Eager",தீவிரமான
182,Gerrymander,Verb,கள்ளத்தனமாகப் பிரிக்க,अवैध रूप से क्षेत्र विभाजित करना (Avaidh Roop Se Kshetra Vibhajit Karna),They accused the party of gerrymandering.,அவர்கள் கட்சியை கள்ளத்தனமாகப் பிரிக்க குற்றம் சாட்டினர்.,उन्होंने पार्टी पर अवैध रूप से क्षेत्र विभाजित करने का आरोप लगाया।,"Manipulate, Fix, Rig",தொகுதி மாற்றச் சதி
183,Hiatus,Noun,இடைவெளி,अंतराल (Antaraal),The band took a two-year hiatus.,இசைக்குழு இரண்டு வருட இடைவெளி எடுத்துக் கொண்டது.,बैंड ने दो साल का अंतराल लिया।,"Pause, Break, Gap",இடைவேளை
184,Impassive,Adjective,உணர்ச்சியற்ற,भावहीन (Bhaavheen),He remained impassive despite the news.,செய்தி இருந்தபோதிலும் அவர் உணர்ச்சியற்றவராக இருந்தார்.,खबर के बावजूद वह भावहीन रहे।,"Expressionless, Calm",உணர்ச்சியற்ற
185,Jingoism,Noun,தீவிர நாட்டுப்பற்று,अंधराष्ट्रीयता (Andhrashtriyata),His speech was full of aggressive jingoism.,அவரது பேச்சு தீவிர நாட்டுப்பற்றால் நிறைந்தது.,उनका भाषण आक्रामक अंधराष्ट्रीयता से भरा था।,"Nationalism, Patriotism",தீவிர தேசபற்று
186,Kismet,Noun,தலைவிதி,भाग्य (Bhaagya),It must have been kismet that they met.,அவர்கள் சந்தித்தது தலைவிதியாக இருந்திருக்க வேண்டும்.,उनका मिलना भाग्य में रहा होगा।,"Fate, Destiny, Fortune",தலைவிதி
187,Lithe,Adjective,வளைந்து கொடுக்கும்,लचीला (Lacheela),The dancer was incredibly lithe.,நடனக் கலைஞர் நம்பமுடியாத அளவிற்கு வளைந்து கொடுக்கும் தன்மையுடையவர்.,नर्तकी अविश्वसनीय रूप से लचीली थी।,"Flexible, Supple, Agile",நெகிழ்வான
188,Moratorium,Noun,தடைக்காலம்,रोक (Rok),They placed a moratorium on new construction.,அவர்கள் புதிய கட்டுமானத்திற்கு ஒரு தடைக்காலம் விதித்தனர்.,उन्होंने नए निर्माण पर रोक लगा दी।,"Ban, Suspension, Delay",தற்காலிக தடை
189,Nugatory,Adjective,முக்கியமற்ற,महत्वहीन (Mahatvaheen),His advice proved to be nugatory.,அவரது ஆலோசனை முக்கியமற்றதாக நிரூபிக்கப்பட்டது.,उनकी सलाह महत्वहीन साबित हुई।,"Worthless, Useless, Vain",மதிப்பற்ற / பயனற்ற
190,Ossify,Verb,நிலைப்படுத்து / எலும்பாக மாற்று,कठोर बनाना (Kathor Banaana),Old ideas can ossify thinking.,பழைய யோசனைகள் சிந்தனையை நிலைப்படுத்த முடியும்.,पुराने विचार सोच को कठोर बना सकते हैं।,"Harden, Rigidify, Stiffen",எலும்பாக மாறு / இறுகுதல்
191,Pauper,Noun,ஏழை,कंगाल (Kangaal),He died a pauper.,அவர் ஒரு ஏழையாக இறந்தார்.,वह एक कंगाल के रूप में मर गए।,"Beggar, Indigent",பராரி / ஏழை
192,Quell,Verb,அடக்கு,शांत करना (Shaant Karna),The soldiers were called to quell the riot.,கலவரத்தை அடக்க வீரர்கள் அழைக்கப்பட்டனர்.,सैनिकों को दंगे को शांत करने के लिए बुलाया गया था।,"Suppress, Subdue, Crush",அடக்குதல்
193,Rend,Verb,கிழி,फाड़ना (Phaadna),The paper began to rend easily.,காகிதம் எளிதில் கிழிக்க ஆரம்பித்தது.,कागज आसानी से फाड़ना शुरू हो गया।,"Tear, Split, Rip",கிழித்தல்
194,Stolid,Adjective,உணர்ச்சியற்ற,भावहीन (Bhaavheen),He maintained a stolid expression.,அவர் ஒரு உணர்ச்சியற்ற வெளிப்பாட்டைப் பராமரித்தார்.,उन्होंने एक भावहीन अभिव्यक्ति बनाए रखी।,"Calm, Dull, Unemotional",உணர்ச்சிகளால் பாதிக்கப்படாத
195,Tirade,Noun,கடுமையான பேச்சு,लंबी आलोचना (Lambhi Aalochana),The boss launched into a furious tirade.,முதலாளி ஒரு கோபமான கடுமையான பேச்சை ஆரம்பித்தார்.,बॉस ने एक भयंकर लंबी आलोचना शुरू कर दी।,"Rant, Attack, Outburst",நீண்ட கண்டன உரை
196,Unkempt,Adjective,அலங்கோலமான,अस्त-व्यस्त (Ast-Vyast),His clothes were unkempt.,அவரது உடைகள் அலங்கோலமானதாக இருந்தன.,उसके कपड़े अस्त-व्यस्त थे।,"Messy, Untidy, Disheveled",கலைந்துபோன / அழுக்கான
197,Vagary,Noun,எதிர்பாராத மாற்றம்,मनमौजी परिवर्तन (Manmauji Parivartan),The vagaries of the weather surprised them.,வானிலையின் எதிர்பாராத மாற்றம் அவர்களை ஆச்சரியப்படுத்தியது.,मौसम के मनमौजी परिवर्तन ने उन्हें चौंका दिया।,"Whim, Caprice, Change",விசித்திரமான மாற்றம்
198,Wistful,Adjective,ஏக்கத்துடன்,उदासी भरा (Udaasi Bhara),He looked at the old photos with a wistful air.,அவர் பழைய புகைப்படங்களை ஏக்கத்துடன் பார்த்தார்.,उन्होंने पुरानी तस्वीरों को उदासी भरे अंदाज़ में देखा।,"Regretful, Longing",ஏக்கம் கலந்த நினைவு
199,Yuppie,Noun,இளம் தொழில்முறை,युवा पेशेवर (Yuva Peshwar),The city center is full of trendy yuppies.,நகர மையம் நாகரீகமான இளம் தொழில்முறைகளால் நிறைந்துள்ளது.,शहर का केंद्र फैशनेबल युवा पेशेवरों से भरा है।,"Professional, Middle-class",இளவயது நகர்ப்புற தொழிலதிபர்
200,Zither,Noun,தந்தி வாத்தியம்,सितार जैसा वाद्य यंत्र (Sitaar Jaisa Vaadya Yantra),She played a folk tune on the zither.,அவள் தந்தி வாத்தியத்தில் ஒரு நாட்டுப்புறப் பாடலை வாசித்தாள்.,उसने सितार जैसे वाद्य यंत्र पर एक लोक धुन बजाई।,Stringed instrument,சித்தார் போன்ற இசைக்கருவி
201,Abridge,Verb,சுருக்க,संक्षिप्त करना (Sankshipt Karna),Please abridge the long report.,தயவுசெய்து நீண்ட அறிக்கையைச் சுருக்கவும்.,कृपया लंबी रिपोर्ट को संक्षिप्त करें।,"Shorten, Condense, Truncate",சுருக்குதல்
202,Beguile,Verb,ஏமாற்று,मोहित करना (Mohit Karna),He tried to beguile her with false promises.,அவர் பொய்யான வாக்குறுதிகளால் அவளை ஏமாற்ற முயன்றார்.,उसने झूठे वादों से उसे मोहित करने की कोशिश की।,"Charm, Enchant, Deceive",வசியப்படுத்து / ஏமாற்று
203,Contrite,Adjective,வருத்தப்பட்ட,पछताया हुआ (Pachhtaaya Hua),The boy was contrite for his mistake.,அந்தச் சிறுவன் தனது தவறுக்காக வருத்தப்பட்டான்.,लड़का अपनी गलती के लिए पछताया हुआ था।,"Remorseful, Penitent, Sorry",வருந்துகிற / மனஸ்தாபமுள்ள
204,Defunct,Adjective,செயல்படாத,बंद (Band),The old company is now defunct.,பழைய நிறுவனம் இப்போது செயல்படாதது.,पुरानी कंपनी अब बंद हो चुकी है।,"Dead, Extinct, Disused",மறைந்த / பயன்பாட்டில் இல்லாத
205,Ephemeral,Adjective,குறுகிய கால,क्षणिक (Kshanik),Fame is often ephemeral.,புகழ் பெரும்பாலும் குறுகிய காலது.,प्रसिद्धि अक्सर क्षणिक होती है।,"Fleeting, Short-lived, Brief",தற்காலிகமான
206,Fiasco,Noun,தோல்வி,पूर्ण असफलता (Purna Asafalta),The launch turned into a complete fiasco.,இந்த வெளியீடு ஒரு முழுமையான தோல்வியாக மாறியது.,प्रक्षेपण एक पूर्ण असफलता में बदल गया।,"Failure, Disaster, Debacle",பெரும் தோல்வி
207,Gist,Noun,சுருக்கம்,सार (Saar),What is the gist of the conversation?,உரையாடலின் சுருக்கம் என்ன?,बातचीत का सार क्या है?,"Essence, Core, Substance",மையக்கருத்து
208,Harbinger,Noun,முன்னோடி,अग्रदूत (Agradoot),The robin is a harbinger of spring.,ராபின் வசந்த காலத்தின் முன்னோடி.,रॉबिन वसंत का अग्रदूत है।,"Herald, Indicator, Signal",முன்னோடி / அறிகுறி
209,Invective,Noun,வசவு,गाली-गलौज (Gaali-Galauj),He shouted invective at the referee.,அவர் நடுவரைப் பார்த்து வசவு கூச்சலிட்டார்.,उन्होंने रेफरी पर गाली-गलौज चिल्लाया।,"Abuse, Insults, Vitriol",வசைச்சொல்
210,Jettison,Verb,தூக்கி எறி,त्यागना (Tyaagna),They had to jettison the heavy load.,அவர்கள் கனமான சுமையை தூக்கி எறிய வேண்டியிருந்தது.,उन्हें भारी भार त्यागना पड़ा।,"Discard, Abandon, Eject",கைவிடுதல்
211,Kowtow,Verb,அடிபணி,झुकना (Jhukna),He refused to kowtow to the management.,அவர் நிர்வாகத்திற்கு அடிபணிய மறுத்துவிட்டார்.,उन्होंने प्रबंधन के सामने झुकने से इनकार कर दिया।,"Grovel, Bow, Subservience",அடிபணிதல்
212,Lament,Verb,வருந்து,शोक करना (Shok Karna),She began to lament the lost opportunity.,இழந்த வாய்ப்பிற்காக அவள் வருந்த ஆரம்பித்தாள்.,वह खोए हुए अवसर पर शोक करना शुरू कर दिया।,"Mourn, Grieve, Bemoan",புலம்புதல் / வருந்துதல்
213,Maelstrom,Noun,குழப்பம்,अराजकता (Araajakata),The city was in a maelstrom after the riot.,கலவரத்திற்குப் பிறகு நகரம் ஒரு குழப்பத்தில் இருந்தது.,दंगे के बाद शहर अराजकता में था।,"Whirlpool, Turmoil, Vortex",சுழல் / கொந்தளிப்பு
214,Nefarious,Adjective,தீய,दुष्ट (Dusht),The villain's nefarious plot failed.,வில்லனின் தீய சதித்திட்டம் தோல்வியடைந்தது.,खलनायक की दुष्ट साजिश विफल रही।,"Wicked, Evil, Sinful",கொடிய / தீய
215,Obdurate,Adjective,பிடிவாதமான,जिद्दी (Ziddi),The child remained obdurate.,குழந்தை பிடிவாதமாக இருந்தது.,बच्चा जिद्दी बना रहा।,"Stubborn, Obstinate, Unyielding",பிடிவாதமான
216,Pervasive,Adjective,பரவலாக,व्यापक (Vyaapak),Social media is pervasive today.,சமூக ஊடகங்கள் இன்று பரவலாக உள்ளன.,सोशल मीडिया आज व्यापक है।,"Widespread, Extensive, General",பரவலான
217,Quixotic,Adjective,வீண் முயற்சி,व्यर्थ प्रयास (Vyarth Prayaas),Pursuing that goal is quixotic.,அந்தக் குறிக்கோளைத் தொடர்வது வீண் முயற்சி.,उस लक्ष्य का पीछा करना व्यर्थ प्रयास है।,"Idealistic, Unrealistic",நடைமுறைக்கு ஒவ்வாத
218,Rampant,Adjective,கட்டுக்கடங்காத,अनियंत्रित (Aniyantrit),Corruption is rampant in the system.,அமைப்பில் ஊழல் கட்டுக்கடங்காததாக உள்ளது.,सिस्टम में भ्रष्टाचार अनियंत्रित है।,"Uncontrolled, Widespread",கட்டுப்பாடற்ற / பரவலான
219,Subtle,Adjective,நுட்பமான,सूक्ष्म (Sukshm),There was a subtle difference in the flavors.,சுவைகளில் ஒரு நுட்பமான வித்தியாசம் இருந்தது.,स्वाद में एक सूक्ष्म अंतर था।,"Fine, Delicate, Precise",நுணுக்கமான
220,Tout,Verb,புகழ்ந்து பேசு,प्रचार करना (Prachaar Karna),The company began to tout its new product.,நிறுவனம் தனது புதிய தயாரிப்பைப் புகழ்ந்து பேச ஆரம்பித்தது.,कंपनी ने अपने नए उत्पाद का प्रचार करना शुरू कर दिया।,"Praise, Promote, Commend",புகழ்ந்து பேசு
221,Unfettered,Adjective,தடையற்ற,बेरोकटोक (Berokatok),He enjoyed an unfettered view of the sea.,அவர் கடலின் தடையற்ற காட்சியைக் கண்டு மகிழ்ந்தார்.,उन्होंने समुद्र के बेरोकटोक दृश्य का आनंद लिया।,"Free, Unrestrained, Loose",கட்டற்ற
222,Vicissitude,Noun,ஏற்ற இறக்கம்,उतार-चढ़ाव (Utaar-Chadhav),The vicissitudes of life affect us all.,வாழ்க்கையின் ஏற்ற இறக்கம் நம் அனைவரையும் பாதிக்கிறது.,जीवन के उतार-चढ़ाव हम सभी को प्रभावित करते हैं।,"Change, Alteration, Shift",வாழ்க்கை மாற்றங்கள்
223,Wane,Verb,குறை,क्षीण होना (Ksheen Hona),His popularity began to wane.,அவரது புகழ் குறைய ஆரம்பித்தது.,उनकी लोकप्रियता क्षीण होना शुरू हो गई।,"Decline, Diminish, Fade",தேய்தல்
224,Yelp,Verb,கீச்சிடு,चीख़ना (Cheekhna),The dog gave a sharp yelp of pain.,நாய் வலியால் ஒரு கூர்மையான கீச்சிட்டது.,कुत्ते ने दर्द से एक तेज चीख़ दी।,"Cry, Bark, Squeal",அலறல்
225,Zesty,Adjective,சுவையான / சுறுசுறுப்பான,उत्साहजनक (Utsaahajanak),They served a zesty lemon dressing.,அவர்கள் ஒரு சுவையான எலுமிச்சை அலங்காரத்தை வழங்கினர்.,उन्होंने एक उत्साहजनक नींबू की ड्रेसिंग परोसी।,"Energetic, Spirited, Tangy",சுறுசுறுப்பான / காரமான
226,Aphorism,Noun,பொன்மொழி,सूक्ति (Sookti),"""Time is money"" is a famous aphorism.","""நேரமே பணம்"" என்பது ஒரு பிரபலமான பொன்மொழி.","""समय ही धन है"" एक प्रसिद्ध सूक्ति है।","Saying, Maxim, Adage",பொன்மொழி
227,Boisterous,Adjective,ஆரவாரமான,शोरगुल वाला (Shorgul Vaala),The children were too boisterous.,குழந்தைகள் மிகவும் ஆரவாரமானவர்களாக இருந்தனர்.,बच्चे बहुत शोरगुल वाले थे।,"Lively, Noisy, Rowdy",கூச்சலிடுகிற
228,Cacophony,Noun,அபஸ்வரம்,कर्कश ध्वनि (Karkash Dhvani),The city streets were a cacophony of horns.,நகரத் தெருக்கள் ஹார்ன்களின் அபஸ்வரமாக இருந்தன.,शहर की सड़कें हॉर्न की कर्कश ध्वनि थीं।,"Discord, Noise, Racket",கரகரப்பான ஓசை
229,Delineate,Verb,விவரி,विस्तार से बताना (Vistaar Se Bataana),The policy clearly delineates the steps.,கொள்கை தெளிவாக நடவடிக்கைகளை விவரிக்கிறது.,नीति स्पष्ट रूप से कदमों को विस्तार से बताती है।,"Describe, Outline, Define",வரையறுத்தல்
230,Exorbitant,Adjective,அதிகப்படியான,अत्यधिक (Atyadhik),The price was exorbitant.,விலை அதிகப்படியானதாக இருந்தது.,कीमत अत्यधिक थी।,"Excessive, High, Extreme",மிக அதிகமான
231,Finesse,Verb,திறமையாகச் செய்,कुशलता से करना (Kushalata Se Karna),He finessed the deal expertly.,அவர் ஒப்பந்தத்தை திறமையாகச் செய்தார்.,उन्होंने सौदे को कुशलता से किया।,"Skill, Flair, Polish",சாதுரியம்
232,Glib,Adjective,பேச்சில் லாவகம்,वाक्पटु (Vaakpatu),Be wary of his glib promises.,அவரது பேச்சில் லாவகம் உள்ள வாக்குறுதிகளில் கவனமாக இருங்கள்.,उनकी वाक्पटु प्रतिज्ञाओं से सावधान रहें।,"Fluent, Slick, Fast-talking",சரளமான (மேலோட்டமான)
233,Hortatory,Adjective,ஊக்கமளிக்கும்,प्रोत्साहन देने वाला (Protsaahan Dene Vaala),The leader gave a hortatory speech.,தலைவர் ஒரு ஊக்கமளிக்கும் உரையை நிகழ்த்தினார்.,नेता ने एक प्रोत्साहन देने वाला भाषण दिया।,"Encouraging, Exhorting",ஊக்கப்படுத்துகிற
234,Imbroglio,Noun,சிக்கலான நிலை,जटिल स्थिति (Jatil Sthiti),The affair resulted in a legal imbroglio.,இந்த விவகாரம் ஒரு சட்ட சிக்கலான நிலையை ஏற்படுத்தியது.,इस मामले के परिणामस्वरूप एक कानूनी जटिल स्थिति बन गई।,"Entanglement, Mess, Mix-up",குழப்பம் / சிக்கல்
235,Jocose,Adjective,வேடிக்கையான,मज़ाकिया (Mazaakiya),His jocose comments lightened the mood.,அவரது வேடிக்கையான கருத்துக்கள் மனநிலையை லேசாக்கின.,उनकी मज़ाकिया टिप्पणियों ने माहौल को हल्का कर दिया।,"Playful, Humorous, Witty",நகைச்சுவையான
236,Kindred,Noun,உறவினர்,रिश्तेदार (Rishtedaar),They found a kindred spirit in the group.,அவர்கள் குழுவில் ஒரு உறவினரைக் கண்டார்கள்.,उन्हें समूह में एक समान आत्मा मिली।,"Related, Akin, Similar",உறவான
237,Loll,Verb,சும்மா இரு,आलस्य में रहना (Aalasya Mein Rahana),The dog loved to loll in the sun.,நாய்க்கு வெயிலில் சும்மா இருக்க மிகவும் பிடித்திருந்தது.,कुत्ते को धूप में आलस्य में रहना बहुत पसंद था।,"Lounge, Sprawl, Slump",சோம்பலாக இரு
238,Malinger,Verb,நோய்வாய்ப்பட்டதாக பாசாங்கு செய்,काम से बचने के लिए बहाना करना (Kaam Se Bachne Ke Liye Bahaana Karna),The lazy worker would often malinger.,சோம்பேறி தொழிலாளி பெரும்பாலும் நோய்வாய்ப்பட்டதாக பாசாங்கு செய்வார்.,आलसी कर्मचारी अक्सर काम से बचने के लिए बहाना करता था।,"Shirk, Sham, Fake",வேலையைத் தவிர்க்க பொய்சொல்
239,Nadir,Noun,அடித்தளம்,निम्नतम बिंदु (Nimnatam Bindu),His career reached its nadir after the scandal.,ஊழலுக்குப் பிறகு அவரது தொழில் அதன் அடித்தளத்தை அடைந்தது.,घोटाले के बाद उनका करियर अपने निम्नतम बिंदु पर पहुंच गया।,"Lowest point, Bottom",அதலபாதாளம்
240,Obsequious,Adjective,பணிவான,चापलूस (Chaaploos),The assistant was extremely obsequious.,உதவியாளர் மிகவும் பணிவானவராக இருந்தார்.,सहायक अत्यधिक चापलूस था।,"Servile, Fawning, Groveling",மிதமிஞ்சிய பணிவு
241,Pellucid,Adjective,ஒளி ஊடுருவக்கூடிய,पारदर्शी (Paardarshi),The river was pellucid and clear.,நதி ஒளி ஊடுருவக்கூடியதாகவும் தெளிவாகவும் இருந்தது.,नदी पारदर्शी और साफ थी।,"Transparent, Clear, Lucid",பளிங்கு போன்ற தெளிவான
242,Quibble,Verb,சிறிய விஷயங்களுக்காகச் சண்டை பிடி,छोटी बातों पर झगड़ना (Chhoti Baaton Par Jhagadna),Let's not quibble over minor details.,சிறிய விவரங்களுக்காகச் சண்டை பிடிக்க வேண்டாம்.,आइए छोटी बातों पर झगड़ा न करें।,"Complain, Object, Nitpick",சிறு குறை காணுதல்
243,Rambunctious,Adjective,சத்தமிடும் / கட்டுப்பாடற்ற,उपद्रवी (Upadravi),The rambunctious crowd was difficult to control.,சத்தமிடும் கூட்டத்தைக் கட்டுப்படுத்துவது கடினமாக இருந்தது.,उपद्रवी भीड़ को नियंत्रित करना मुश्किल था।,"Rowdy, Wild, Unruly",அடங்காத
244,Solace,Noun,ஆறுதல்,दिलासा (Dilaasa),She found solace in music.,அவள் இசையில் ஆறுதல் கண்டாள்.,उसे संगीत में दिलासा मिला।,"Comfort, Consolation, Relief",ஆறுதல்
245,Tantamount,Adjective,ஒத்த,तुल्य (Tulya),Ignoring him is tantamount to rudeness.,அவரைப் புறக்கணிப்பது முரட்டுத்தனத்திற்கு ஒத்தது.,उसे अनदेखा करना असभ्यता के तुल्य है।,"Equivalent, Equal",சமமானது
246,Truculent,Adjective,முரட்டுத்தனமான,झगड़ालू (Jhagaraloo),The truculent man started a fight.,முரட்டுத்தனமான மனிதன் சண்டையைத் தொடங்கினான்.,झगड़ालू आदमी ने लड़ाई शुरू कर दी।,"Aggressive, Defiant, Fierce",சண்டையிடத் தயாரான
247,Ubiquitous,Adjective,எங்கும் உள்ள,सर्वव्यापी (Sarvavyaapi),Computers are now ubiquitous.,கணினிகள் இப்போது எங்கும் உள்ளவை.,कंप्यूटर अब सर्वव्यापी हैं।,"Everywhere, Pervasive",எங்கும் நிறைந்த
248,Vehement,Adjective,உணர்ச்சிவசப்பட்ட,प्रबल (Prabal),He gave a vehement denial.,அவர் ஒரு உணர்ச்சிவசப்பட்ட மறுப்பை அளித்தார்.,उन्होंने एक प्रबल खंडन किया।,"Passionate, Forceful, Intense",ஆவேசமான
249,Wistful,Adjective,ஏக்கம்,लालसा (Laalasaa),He looked back with wistful longing.,அவர் ஏக்கத்துடன் திரும்பிப் பார்த்தார்.,उन्होंने लालसा के साथ पीछे मुड़कर देखा।,"Regretful, Longing, Sad",ஏக்கம் நிறைந்த
250,Yawn,Noun,சலிப்பான விஷயம்,उबाऊ बात (Ubaao Baat),The lecture was a total yawn.,அந்த விரிவுரை ஒரு முழுமையான சலிப்பான விஷயம்.,व्याख्यान पूरी तरह से उबाऊ था।,"Gape, Opening",கொட்டாவி
251,Abnegate,Verb,மறுத்து விடு / தியாகம் செய்,त्याग करना (Tyaag Karna),She chose to abnegate her luxurious lifestyle.,அவர் தனது ஆடம்பரமான வாழ்க்கை முறையை தியாகம் செய்யத் தேர்ந்தெடுத்தார்.,उन्होंने अपनी शानदार जीवनशैली का त्याग करना चुना।,"Renounce, Reject, Deny",மறுத்தல் / துறத்தல்
252,Bifurcate,Verb,இரண்டாகப் பிரி,दो भागों में बाँटना (Do Bhaagon Mein Baantna),The road began to bifurcate near the river.,சாலை ஆற்றுக்கு அருகில் இரண்டாகப் பிரிய ஆரம்பித்தது.,नदी के पास सड़क दो भागों में बाँटना शुरू हो गई।,"Split, Fork, Divide",இரண்டாகப் பிரி
253,Celerity,Noun,வேகம் / விரைவு,फुर्ती (Fuurti),He finished the task with surprising celerity.,அவர் ஆச்சரியமான வேகத்துடன் பணியை முடித்தார்.,उन्होंने आश्चर्यजनक फुर्ती के साथ काम पूरा किया।,"Swiftness, Speed, Haste",வேகம் / விரைவு
254,Desultory,Adjective,ஒழுங்கற்ற / தொடர்பற்ற,अनियमित (Aniyamit),He made a few desultory remarks.,அவர் சில ஒழுங்கற்ற கருத்துக்களைத் தெரிவித்தார்.,उन्होंने कुछ अनियमित टिप्पणियाँ कीं।,"Random, Aimless, Casual",திட்டமிடாத / தொடர்பற்ற
255,Ebullient,Adjective,மகிழ்ச்சி பொங்கும்,उत्साहपूर्ण (Utsaahapurn),The host was in an ebullient mood.,தொகுப்பாளர் ஒரு மகிழ்ச்சி பொங்கும் மனநிலையில் இருந்தார்.,मेज़बान उत्साहपूर्ण मूड में था।,"Exuberant, Cheerful, Jolly",துடிப்பான
256,Factious,Adjective,பிளவுபடுத்தும்,दलबंदी करने वाला (Dalbandi Karne Vaala),The committee was highly factious.,குழு மிகவும் பிளவுபடுத்தும் தன்மையுடன் இருந்தது.,समिति अत्यधिक दलबंदी करने वाली थी।,"Divided, Splintered",கோஷ்டி பூசல் கொண்ட
257,Germane,Adjective,தொடர்புடைய,प्रासंगिक (Praasangik),That point is not germane to the discussion.,அந்தக் கருத்து விவாதத்திற்கு தொடர்புடையது அல்ல.,वह बिंदु चर्चा के लिए प्रासंगिक नहीं है।,"Relevant, Applicable, Pertinent",பொருத்தமான
258,Heterodox,Adjective,மரபுக்கு மாறான,अपरंपरागत (Aparampraaghat),He held some heterodox views on religion.,அவர் மதம் பற்றி சில மரபுக்கு மாறான கருத்துக்களைக் கொண்டிருந்தார்.,वह धर्म पर कुछ अपरंपरागत विचार रखते थे।,"Unorthodox, Nonconformist",வழக்கத்திற்கு மாறான
259,Inimical,Adjective,விரோதமான / தீங்கிழைக்கும்,शत्रुतापूर्ण (Shatrutapurn),His actions were inimical to the company's goals.,அவரது செயல்கள் நிறுவனத்தின் இலக்குகளுக்கு விரோதமானதாக இருந்தன.,उनके कार्य कंपनी के लक्ष्यों के लिए शत्रुतापूर्ण थे।,"Harmful, Hostile, Adverse",விரோதமான
260,Jettison,Noun,எறிதல்,त्याग (Tyaag),The jettison of outdated ideas is necessary.,காலாவதியான கருத்துக்களை எறிதல் அவசியம்.,पुराने विचारों का त्याग आवश्यक है।,"Discard, Dump, Shed",எறிந்துவிடுதல்
261,Ken,Noun,அறிவு எல்லை,ज्ञान की सीमा (Gyaan Ki Seema),Such matters are beyond my ken.,அத்தகைய விஷயங்கள் என் அறிவு எல்லைக்கு அப்பாற்பட்டவை.,ऐसे मामले मेरी ज्ञान की सीमा से बाहर हैं।,"Knowledge, Understanding",அறிவு வரம்பு
262,Limpid,Adjective,தெளிவான / ஒளிபுகும்,स्वच्छ (Svachh),The water in the stream was limpid.,ஓடையில் உள்ள நீர் தெளிவானதாக இருந்தது.,नाले का पानी स्वच्छ था।,"Clear, Transparent, Pure",தெளிந்த
263,Mendacious,Adjective,பொய்யான,झूठा (Jhootha),The politician gave a mendacious account.,அரசியல்வாதி ஒரு பொய்யான அறிக்கையை அளித்தார்.,राजनेता ने एक झूठा विवरण दिया।,"Lying, Untruthful, False",பொய்யான
264,Nefarious,Noun,அக்கிரமம்,दुष्टता (Dushtata),The organization was known for its nefarious activities.,அந்த அமைப்பு அதன் அக்கிரமமான நடவடிக்கைகளுக்கு பெயர் பெற்றது.,संगठन अपनी दुष्टता भरी गतिविधियों के लिए जाना जाता था।,"Wicked, Villainous, Evil",கொடிய / வஞ்சகமான
265,Ostracize,Verb,ஒதுக்கி வை,बहिष्कृत करना (Bahishkrit Karna),The group decided to ostracize the troublemaker.,குழு பிரச்சனையை உருவாக்குபவரை ஒதுக்கி வைக்க முடிவு செய்தது.,समूह ने उपद्रवी को बहिष्कृत करने का फैसला किया।,"Exclude, Banish, Shun",ஒதுக்கிவைத்தல்
266,Palpable,Adjective,தெளிவாக உணரும்,स्पष्ट (Spasht),The tension in the room was palpable.,அறையில் இருந்த பதற்றம் தெளிவாக உணரக்கூடியதாக இருந்தது.,कमरे में तनाव स्पष्ट था।,"Tangible, Noticeable, Real",உணரக்கூடிய
267,Querulous,Adjective,சலிப்படைந்த / முணுமுணுக்கும்,शिकायत करने वाला (Shikaayat Karne Vaala),The patient was querulous about the food.,நோயாளி உணவைப் பற்றி சலிப்படைந்தவராக இருந்தார்.,मरीज़ भोजन के बारे में शिकायत करने वाला था।,"Grumbling, Complaining",குறைகூறுகிற
268,Redolent,Adjective,வாசனை வீசும்,सुगंधित (Sugandhit),The room was redolent of fresh flowers.,அறை புதிய பூக்களின் வாசனை வீசுவதாக இருந்தது.,कमरा ताज़े फूलों से सुगंधित था।,"Fragrant, Scented, Evocative",நறுமணம் வீசும்
269,Sonder,Noun,மற்றவர்களின் ஆழமான வாழ்க்கை குறித்த திடீர் உணர்வு,दूसरों के गहन जीवन के बारे में अचानक एहसास (Doosron Ke Gahan Jeevan Ke Baare Mein Achaanak Ehsaas),The feeling of sonder hit me on the busy street.,பிஸியான தெருவில் எனக்கு சொண்டர் உணர்வு தாக்கியது.,व्यस्त सड़क पर मुझे दूसरों के गहन जीवन के बारे में अचानक एहसास हुआ।,"Realization, Empathy",பிறர் வாழ்வைப் பற்றிய புரிதல்
270,Temerity,Noun,துணிச்சல் / தைரியம் (அளவுக்கு மீறிய),दुस्साहस (Dussaahas),He had the temerity to question the boss.,அவர் முதலாளியைக் கேள்வி கேட்கும் துணிச்சல் கொண்டிருந்தார்.,उसमें बॉस से सवाल करने का दुस्साहस था।,"Audacity, Boldness, Nerve",துணிகரம்
271,Unwieldy,Adjective,கையாள கடினமான,बोझिल (Bojhil),The package was large and unwieldy.,அந்தப் பொட்டலம் பெரியதாகவும் கையாள கடினமானதாகவும் இருந்தது.,पैकेज बड़ा और बोझिल था।,"Awkward, Clumsy, Hefty",கையாளக் கடினமான
272,Vacuous,Adjective,பொருளற்ற / வெறுமையான,अर्थहीन (Arthheen),He made a vacuous statement.,அவர் ஒரு பொருளற்ற அறிக்கையை வெளியிட்டார்.,उन्होंने एक अर्थहीन बयान दिया।,"Empty, Mindless, Blank",அறிவற்ற / வெற்று
273,Waffle,Noun,பயனற்ற பேச்சு,बेकार की बातें (Bekaar Ki Baatein),The whole presentation was just a lot of waffle.,முழு விளக்கக்காட்சியும் வெறும் பயனற்ற பேச்சு தான்.,पूरी प्रस्तुति केवल ढेर सारी बेकार की बातें थी।,"Prattle, Jabber",வீண் பேச்சு
274,Yawn,Verb,கொட்டாவி விடு,उबासी लेना (Ubaasi Lena),The crowd began to yawn during the long speech.,நீண்ட உரையின் போது கூட்டம் கொட்டாவி விட ஆரம்பித்தது.,लंबे भाषण के दौरान भीड़ ने उबासी लेना शुरू कर दिया।,"Gape, Opening",கொட்டாவி
275,Zephyr,Noun,மெல்லிய காற்று,हल्की हवा (Halki Havaa),A gentle zephyr cooled the air.,ஒரு மெல்லிய காற்று காற்றைக் குளிர்வித்தது.,एक कोमल हल्की हवा ने हवा को ठंडा कर दिया।,"Breeze, Draft, Wind",தென்றல்
276,Abscond,Verb,தப்பி ஓடு,भाग जाना (Bhaag Jaana),The thief tried to abscond with the jewels.,திருடன் நகைகளுடன் தப்பி ஓட முயன்றான்.,चोर ने गहनों के साथ भाग जाने की कोशिश की।,"Escape, Flee, Bolt",தலைமறைவாகு
277,Banal,Adjective,சலிப்பான / பழமையான,नीरस (Neeras),The play was filled with banal dialogues.,நாடகம் சலிப்பான உரையாடல்களால் நிரம்பியிருந்தது.,नाटक नीरस संवादों से भरा था।,"Trite, Commonplace, Dull",சலிப்பூட்டும் / சாதாரண
278,Cabal,Noun,சதி குழு,षड्यंत्रकारी समूह (Shadyantrakari Samuuh),A secret cabal met to plan the coup.,ஆட்சிக்கவிழ்ப்பைத் திட்டமிட ஒரு இரகசிய சதி குழு சந்தித்தது.,तख्तापलट की योजना बनाने के लिए एक गुप्त षड्यंत्रकारी समूह मिला।,"Clique, Faction, Group",இரகசியக் குழு
279,Deference,Noun,மரியாதை,आदर (Aadar),He showed great deference to the elders.,அவர் பெரியவர்களிடம் மிகுந்த மரியாதையைக் காட்டினார்.,उन्होंने बड़ों के प्रति अत्यधिक आदर दिखाया।,"Respect, Regard, Esteem",மரியாதை / இணக்கம்
280,Eke,Verb,சிரமப்பட்டு வாழ் / நீட்டு,मुश्किल से गुज़ारा करना (Mushkil Se Guzaara Karna),They had to eke out a living from farming.,அவர்கள் விவசாயத்தின் மூலம் சிரமப்பட்டு வாழ வேண்டியிருந்தது.,उन्हें खेती से मुश्किल से गुज़ारा करना पड़ा।,"Manage, Survive, Scrape",கஷ்டப்பட்டு வாழ்
281,Fecund,Adjective,கருத்தரிக்கும் / உற்பத்தித் திறன் கொண்ட,उपजाऊ (Upjaau),The artist's mind was incredibly fecund.,கலைஞரின் மனம் நம்பமுடியாத அளவிற்கு உற்பத்தித் திறன் கொண்டதாக இருந்தது.,कलाकार का मन अविश्वसनीय रूप से उपजाऊ था।,"Fertile, Productive",செழிப்பான
282,Glib,Adjective,சரளமாகப் பேசும் (ஆழமற்ற),वाक्पटु (Vaakpatu),The salesman was a bit too glib.,விற்பனையாளர் சற்று அதிகமாகவே சரளமாகப் பேசும் தன்மையுடையவர்.,विक्रेता थोड़ा ज़्यादा ही वाक्पटु था।,"Slick, Superficial",சாதுர்யமான பேச்சு
283,Hubris,Noun,அகந்தை,अहंकार (Ahankaar),His final failure was due to his own hubris.,அவரது இறுதி தோல்வி அவரது சொந்த அகந்தையினால் ஏற்பட்டது.,उनकी अंतिम विफलता उनके अपने अहंकार के कारण हुई।,"Arrogance, Pride",அதீத கர்வம்
284,Impecunious,Adjective,பணமில்லாத,निर्धन (Nirdhan),He was almost impecunious after the layoff.,வேலையிலிருந்து நீக்கப்பட்ட பிறகு அவர் கிட்டத்தட்ட பணமில்லாதவராக இருந்தார்.,छंटनी के बाद वह लगभग निर्धन हो गया था।,"Poor, Penniless, Needy",வறிய / பணமில்லாத
285,Jubilant,Adjective,மகிழ்ச்சியில் திளைக்கும்,आनंदित (Aanandit),The crowd was jubilant after the victory.,வெற்றியின் பின்னர் கூட்டம் மகிழ்ச்சியில் திளைத்தது.,जीत के बाद भीड़ आनंदित थी।,"Overjoyed, Thrilled",களிப்புடன் இருக்கும்
286,Kismet,Noun,விதி,नसीब (Naseeb),Meeting him was simply kismet.,அவரைச் சந்தித்தது வெறுமனே விதி.,उनसे मिलना बस नसीब था।,"Fate, Destiny",விதி
287,Laggard,Noun,மந்தமானவர்,सुस्त व्यक्ति (Sust Vyakti),The team was slowed down by the laggard.,மந்தமானவர் காரணமாக குழு மெதுவானது.,टीम सुस्त व्यक्ति के कारण धीमी हो गई थी।,"Straggler, Slowpoke",பின்தங்கியிருப்பவர்
288,Moribund,Adjective,அழிவின் விளிம்பில் உள்ள,मरणासन्न (Marnaasann),The industry has been moribund for years.,இந்தத் தொழில் பல ஆண்டுகளாக அழிவின் விளிம்பில் உள்ளது.,यह उद्योग कई वर्षों से मरणासन्न रहा है।,"Dying, Declining, Fading",சாகுந்தருவாயில் உள்ள
289,Nonchalant,Adjective,கவலையற்ற,लापरवाह (Laaparvaah),He maintained a nonchalant attitude despite the stress.,அழுத்தத்தின் மத்தியிலும் அவர் ஒரு கவலையற்ற அணுகுமுறையைப் பராமரித்தார்.,तनाव के बावजूद उन्होंने एक लापरवाह रवैया बनाए रखा।,"Calm, Unconcerned, Cool",அலட்சியமான / நிதானமான
290,Obfuscate,Verb,குழப்பு,उलझाना (Uljhaana),Do not obfuscate the core issue.,முக்கியப் பிரச்சினையைக் குழப்ப வேண்டாம்.,मुख्य मुद्दे को उलझाना नहीं चाहिए।,"Confuse, Blur, Obscure",குழப்புதல்
291,Piquant,Adjective,காரமான / கவர்ச்சியான,तीखा (Teekha),The sauce had a piquant flavor.,அந்த சாஸில் ஒரு காரமான சுவை இருந்தது.,चटनी का स्वाद तीखा था।,"Spicy, Tangy, Stimulating",சுவையான / தூண்டும்
292,Quell,Verb,தணி,दबाना (Dabaana),The leader spoke to quell public fears.,பொதுமக்களின் அச்சத்தைத் தணிக்க தலைவர் பேசினார்.,नेता ने जनता के डर को दबाने के लिए बात की।,"Suppress, Subdue",அடக்குதல்
293,Raconteur,Noun,கதைசொல்லி,कहानीकार (Kahaanikaar),He was a charming raconteur.,அவர் ஒரு கவர்ச்சியான கதைசொல்லியாக இருந்தார்.,वह एक आकर्षक कहानीकार थे।,"Storyteller, Narrator",கதை சொல்வதில் வல்லவர்
294,Stigma,Noun,களங்கம்,कलंक (Kalank),There is a social stigma attached to debt.,கடனுடன் ஒரு சமூக களங்கம் இணைக்கப்பட்டுள்ளது.,कर्ज से एक सामाजिक कलंक जुड़ा हुआ है।,"Shame, Disgrace, Stain",கறை / அவமானம்
295,Turgid,Adjective,வீங்கிய,फूला हुआ (Foola Hua),The writing was turgid and pretentious.,அந்த எழுத்து வீங்கியதாகவும் பாசாங்கு செய்வதாகவும் இருந்தது.,लेखन फूला हुआ और दिखावटी था।,"Swollen, Inflated",வீங்கிய / ஆடம்பரமான
296,Unkempt,Adjective,சிதறிய,बेतरतीब (Betarteeb),The room was dusty and unkempt.,அறை தூசி படிந்ததாகவும் சிதறியதாகவும் இருந்தது.,कमरा धूल भरा और बेतरतीब था।,"Messy, Untidy",அழுக்கான / கலைந்த
297,Venerate,Verb,வணங்கு,पूजा करना (Pooja Karna),We venerate our nation's founders.,நாம் நமது தேசத்தின் நிறுவனர்களை வணங்குகிறோம்.,हम अपने देश के संस्थापकों की पूजा करते हैं।,"Revere, Worship, Honor",போற்றுதல்
298,Wanton,Adjective,அநாவசியமான,जानबूझकर किया गया (Jaanboojhkar Kiya Gaya),The attack was an act of wanton violence.,இந்தத் தாக்குதல் அநாவசியமான வன்முறையின் செயல்.,हमला जानबूझकर किया गया हिंसा का कार्य था।,"Deliberate, Malicious",காரணமற்ற / கொடிய
299,Xenial,Adjective,விருந்தோம்பல் தொடர்பான,अतिथि सत्कार संबंधी (Atithi Satkaar Sambandhi),The country is known for its xenial customs.,அந்த நாடு அதன் விருந்தோம்பல் தொடர்பான பழக்கவழக்கங்களுக்கு பெயர் பெற்றது.,वह देश अपनी अतिथि सत्कार संबंधी प्रथाओं के लिए जाना जाता है।,"Hospitable, Welcoming",விருந்தோம்பும் பண்புள்ள
300,Yoke,Noun,அடிமைத்தனம் / பிணைப்பு,गुलामी (Gulaami),They lived under the yoke of oppression.,அவர்கள் ஒடுக்குமுறையின் அடிமைத்தனத்தின் கீழ் வாழ்ந்தார்கள்.,वे दमन की गुलामी के अधीन रहते थे।,"Harness, Bondage",நுகத்தடி / பிணைப்பு
301,Acme,Noun,உச்சநிலை,चरम सीमा (Charam Seema),He reached the acme of his profession.,அவர் தனது தொழிலின் உச்சநிலையை அடைந்தார்.,वह अपने पेशे की चरम सीमा पर पहुँच गए।,"Peak, Zenith, Summit",உச்சி / சிகரம்
302,Bellwether,Noun,முன்னோடி / வழிகாட்டி,मार्गदर्शक (Maargadarshak),The sector is a bellwether for the economy.,இந்தத் துறை பொருளாதாரத்தின் ஒரு முன்னோடி.,यह क्षेत्र अर्थव्यवस्था के लिए एक मार्गदर्शक है।,"Leader, Indicator, Guide",வழிகாட்டி / முன்னோடி
303,Contravene,Verb,மீறு / விதிக்கு முரணாக செய்,उल्लंघन करना (Ullanghan Karna),His actions contravene the company policy.,அவரது செயல்கள் நிறுவனத்தின் கொள்கையை மீறுகின்றன.,उनके कार्य कंपनी की नीति का उल्लंघन करते हैं।,"Violate, Break, Breach",மீறுதல்
304,Disparate,Adjective,மிகவும் வேறுபட்ட,बिलकुल अलग (Bilkul Alag),The team members had disparate skill sets.,குழு உறுப்பினர்கள் மிகவும் வேறுபட்ட திறன் தொகுப்புகளைக் கொண்டிருந்தனர்.,टीम के सदस्यों के पास बिलकुल अलग कौशल सेट थे।,"Contrasting, Different",வேறுபட்ட
305,Efficacy,Noun,பலன் / திறமை,प्रभावशीलता (Prabhaavsheelta),We need to test the efficacy of the drug.,நாம் மருந்தின் பலனை சோதிக்க வேண்டும்.,हमें दवा की प्रभावशीलता का परीक्षण करने की आवश्यकता है।,"Effectiveness, Success",செயல்திறன்
306,Foment,Verb,தூண்டி விடு,भड़काना (Bhadkaana),He was accused of fomenting discord.,அவர் பிளவுகளைத் தூண்டி விட்டதாக குற்றம் சாட்டப்பட்டார்.,उन पर कलह भड़काने का आरोप लगाया गया था।,"Instigate, Incite, Stir up",தூண்டிவிடுதல்
307,Garrulous,Adjective,வீண் பேச்சு பேசும்,बातूनी (Baatooni),The garrulous passenger talked the entire trip.,வீண் பேச்சு பேசும் பயணி பயணம் முழுவதும் பேசினார்.,बातूनी यात्री पूरी यात्रा बात करता रहा।,"Talkative, Loquacious",வளவளவென்று பேசும்
308,Histrionic,Adjective,மிகைப்படுத்தப்பட்ட நாடக பாணி,नाटकीय (Naatakeeya),His histrionic reaction annoyed everyone.,அவரது மிகைப்படுத்தப்பட்ட நாடக பாணி எதிர்வினை அனைவரையும் எரிச்சலூட்டியது.,उनकी नाटकीय प्रतिक्रिया से सभी परेशान थे।,"Melodramatic, Theatrical",மிகையான உணர்ச்சிவசப்பட்ட
309,Invective,Noun,கடுமையான தாக்குதல் (சொற்கள்),कटु आलोचना (Katu Aalochana),The letter was full of bitter invective.,கடிதம் கசப்பான கடுமையான தாக்குதலால் நிறைந்தது.,पत्र कड़वी कटु आलोचना से भरा था।,"Abuse, Insults",வசைமொழி
310,Jettison,Verb,கைவிடு,छोड़ना (Chhodna),They had to jettison the old business model.,அவர்கள் பழைய வணிக மாதிரியை கைவிட வேண்டியிருந்தது.,उन्हें पुराने व्यापार मॉडल को छोड़ना पड़ा।,"Discard, Dump",கைவிடுதல்
311,Kudos,Noun,பாராட்டு / புகழ்,यश (Yash),Kudos to the performers for a great show.,ஒரு சிறந்த நிகழ்ச்சிக்காக கலைஞர்களுக்கு பாராட்டு.,शानदार प्रदर्शन के लिए कलाकारों को यश।,"Praise, Honor, Glory",பாராட்டு / புகழ்
312,Lascivious,Adjective,காம வெறி கொண்ட,कामुक (Kaamuk),The film was criticized for its lascivious content.,திரைப்படம் அதன் காம வெறி கொண்ட உள்ளடக்கத்திற்காக விமர்சிக்கப்பட்டது.,फिल्म की अपनी कामुक सामग्री के लिए आलोचना की गई थी।,"Lustful, Lewd, Wanton",காமவெறி கொண்ட
313,Mellifluous,Adjective,இனிமையாக ஒலிக்கும்,मधुर (Madhur),The speaker's voice was deep and mellifluous.,பேச்சாளரின் குரல் ஆழமானதாகவும் இனிமையாக ஒலிப்பதாகவும் இருந்தது.,वक्ता की आवाज गहरी और मधुर थी।,"Dulcet, Sweet-sounding",இனிமையான ஒலி
314,Nostrum,Noun,போலி மருந்து / போலித் தீர்வு,गुप्त नुस्खा (Gupt Nuskha),That economic plan is a mere nostrum.,அந்த பொருளாதாரத் திட்டம் ஒரு வெறும் போலித் தீர்வு.,वह आर्थिक योजना मात्र एक गुप्त नुस्खा है।,"Remedy, Cure-all",கைமருந்து
315,Obdurate,Adjective,பிடிவாதமான,हठी (Hathi),The prisoner remained obdurate and silent.,கைதி பிடிவாதமாகவும் மௌனமாகவும் இருந்தார்.,कैदी हठी और शांत बना रहा।,"Stubborn, Obstinate",பிடிவாதமான
316,Pell-mell,Adverb,ஒழுங்கின்றி / அவசரமாக,अस्त-व्यस्त ढंग से (Ast-Vyast Dhang Se),The children ran pell-mell out of the classroom.,குழந்தைகள் ஒழுங்கின்றி வகுப்பறையிலிருந்து ஓடினர்.,बच्चे अस्त-व्यस्त ढंग से कक्षा से बाहर भागे।,"Headlong, Recklessly",தலைதெறிக்க ஓடுதல்
317,Quagmire,Noun,சதுப்பு நிலம் / சிக்கல்,दलदल (Daldal),The treaty negotiations became a political quagmire.,ஒப்பந்த பேச்சுவார்த்தைகள் ஒரு அரசியல் சிக்கலாக மாறியது.,संधि वार्ता एक राजनीतिक दलदल बन गई।,"Dilemma, Predicament",இக்கட்டான நிலை
318,Recalcitrant,Adjective,கட்டுப்படுத்த முடியாத,अवहेलनापूर्ण (Avhelanaapurn),The dog was recalcitrant during training.,பயிற்சி போது நாய் கட்டுப்படுத்த முடியாததாக இருந்தது.,प्रशिक्षण के दौरान कुत्ता अवहेलनापूर्ण था।,"Uncooperative, Defiant",அடங்காத / பிடிவாதமான
319,Sycophant,Noun,முகஸ்துதி செய்பவர்,चापलूस (Chaaploos),He was seen as a mere sycophant by his colleagues.,அவர் தனது சகாக்களால் வெறும் முகஸ்துதி செய்பவராக பார்க்கப்பட்டார்.,उन्हें उनके सहकर्मियों द्वारा केवल एक चापलूस के रूप में देखा गया।,"Toady, Flatterer",முகஸ்துதி செய்பவர்
320,Terse,Adjective,சுருக்கமான,संक्षिप्त (Sankshipt),Her terse reply left no room for discussion.,அவரது சுருக்கமான பதில் விவாதத்திற்கு இடமளிக்கவில்லை.,उसके संक्षिप्त उत्तर ने चर्चा के लिए कोई जगह नहीं छोड़ी।,"Concise, Brief",சுருக்கமான
321,Unctuous,Adjective,நயவஞ்சகமான,चिकना (Chikna),Avoid dealing with that unctuous salesman.,அந்த நயவஞ்சகமான விற்பனையாளருடன் பழகுவதைத் தவிர்க்கவும்.,उस चिकने विक्रेता से निपटने से बचें।,"Sycophantic, Greasy",வழவழப்பான / போலியான
322,Vicissitude,Noun,மாற்றங்கள்,परिवर्तन (Parivartan),Life is full of unexpected vicissitudes.,வாழ்க்கை எதிர்பாராத மாற்றங்களால் நிறைந்தது.,जीवन अप्रत्याशित परिवर्तनों से भरा है।,"Change, Alteration",வாழ்வின் ஏற்றத்தாழ்வு
323,Welter,Noun,குழப்பமான குவியல்,अव्यवस्थित ढेर (Avyavasthit Dher),He was lost in a welter of paperwork.,அவர் ஆவணங்களின் குழப்பமான குவியலில் தொலைந்து போனார்.,वह कागज़ातों के एक अव्यवस्थित ढेर में खो गया था।,"Muddle, Jumble, Confusion",குழப்பம்
324,Wizen,Verb,சுருங்கு,मुरझा जाना (Murjhaa Jaana),The fruit began to wizen after being left out.,பழம் வெளியே விடப்பட்ட பிறகு சுருங்க ஆரம்பித்தது.,बाहर छोड़ने के बाद फल मुरझा जाना शुरू हो गया।,"Shriveled, Wrinkled",சுருங்கிய
325,Zany,Adjective,நகைச்சுவையான / வினோதமான,सनकी (Sanaki),The show featured a zany cast of characters.,இந்த நிகழ்ச்சியில் நகைச்சுவையான கதாபாத்திரங்கள் இடம்பெற்றிருந்தன.,शो में पात्रों का एक सनकी समूह दिखाया गया था।,"Eccentric, Peculiar",கோமாளித்தனமான
326,Abeyance,Noun,நிறுத்தி வைத்தல்,स्थगन (Sthagan),The project was held in abeyance.,திட்டம் நிறுத்தி வைக்கப்பட்டது.,परियोजना स्थगन में रखी गई थी।,"Suspension, Dormancy",தற்காலிக நிறுத்தம்
327,Blithe,Adjective,கவலையற்ற / மகிழ்ச்சியான,लापरवाह (Laaparvaah),His blithe disregard for the rules was clear.,விதிகளுக்கான அவரது கவலையற்ற புறக்கணிப்பு தெளிவாக இருந்தது.,नियमों के प्रति उसकी लापरवाह अवहेलना स्पष्ट थी।,"Happy, Carefree",மகிழ்ச்சியான / கவலையற்ற
328,Chary,Adjective,எச்சரிக்கையான,सतर्क (Satark),She was chary of making promises.,அவள் வாக்குறுதிகளை அளிப்பதில் எச்சரிக்கையாக இருந்தாள்.,वह वादे करने में सतर्क थी।,"Cautious, Wary",எச்சரிக்கையான
329,Dormant,Adjective,செயலற்ற,सुप्त (Supt),The volcano is currently dormant.,எரிமலை தற்போது செயலற்றதாக உள்ளது.,ज्वालामुखी वर्तमान में सुप्त है।,"Inactive, Sleeping",உறக்க நிலையில் உள்ள
330,Exigency,Noun,அவசரத் தேவை,आपातकालीन आवश्यकता (Aapaatkaaleen Aavashyakta),The exigencies of war required swift action.,போரின் அவசரத் தேவைக்கு விரைவான நடவடிக்கை தேவைப்பட்டது.,युद्ध की आपातकालीन आवश्यकता ने त्वरित कार्रवाई की मांग की।,"Emergency, Urgency",அவசர தேவை
331,Fastidious,Adjective,அதிக கவனம் செலுத்தும் / நுணுக்கமான,नकचढ़ा (Nakchadhha),He was fastidious about cleanliness.,அவர் சுத்தத்தைப் பற்றி அதிக கவனம் செலுத்துபவராக இருந்தார்.,वह सफ़ाई के बारे में नकचढ़ा था।,"Scrupulous, Fussy",நுணுக்கமான / திருப்திப்படுத்த கடினமான
332,Gourmand,Noun,பெருந்தீனி பிரியர்,पेटू (Petu),He was a notorious gourmand who loved rich food.,அவர் சத்தான உணவை விரும்பும் ஒரு பிரபல பெருந்தீனி பிரியர்.,वह एक कुख्यात पेटू था जिसे समृद्ध भोजन पसंद था।,"Glutton, Food-lover",சாப்பாட்டுப் பிரியர்
333,Ignominious,Adjective,அவமானகரமான,शर्मनाक (Sharmnaak),The team suffered an ignominious defeat.,அணி ஒரு அவமானகரமான தோல்வியை சந்தித்தது.,टीम को एक शर्मनाक हार का सामना करना पड़ा।,"Humiliating, Shaming",அவமானகரமான
334,Inculcate,Verb,பதிய வை,मन में बिठाना (Man Mein Bithana),Parents try to inculcate values in their children.,பெற்றோர் தங்கள் குழந்தைகளிடம் மதிப்புகளைப் பதிய வைக்க முயற்சி செய்கிறார்கள்.,माता-पिता अपने बच्चों में मूल्यों को मन में बिठाने की कोशिश करते हैं।,"Instill, Teach, Implant",மனதிற் பதியவைத்தல்
335,Juxtaposition,Noun,அருகருகே வைத்தல்,पास-पास रखना (Paas-Paas Rakhna),The juxtaposition of old and new buildings was striking.,பழைய மற்றும் புதிய கட்டிடங்களை அருகருகே வைத்தது கண்கவர்வதாக இருந்தது.,पुरानी और नई इमारतों का पास-पास रखना आकर्षक था।,"Comparison, Proximity",அருகருகே வைத்தல்
336,Lethargy,Noun,சோம்பல்,सुस्ती (Susti),A feeling of lethargy overcame him.,ஒரு சோம்பல் உணர்வு அவரை ஆட்கொண்டது.,एक सुस्ती की भावना ने उसे घेर लिया।,"Sluggishness, Inactivity",மந்தநிலை / சோர்வு
337,Malinger,Noun,பாசாங்கு செய்பவர்,बहानेबाज (Bahaanebaaz),He was known as a workplace malinger.,அவர் ஒரு பணியிட பாசாங்கு செய்பவராக அறியப்பட்டார்.,वह कार्यस्थल पर एक बहानेबाज के रूप में जाने जाते थे।,"Shirk, Sham",பொய்க் காரணம் சொல்லி தவிர்
338,Nihilism,Noun,சூனியவாதம்,शून्यवाद (Shunyavaad),His philosophy was rooted in nihilism.,அவரது தத்துவம் சூனியவாதத்தில் வேரூன்றியது.,उनका दर्शन शून्यवाद में निहित था।,"Skepticism, Negativism",சூனியவாதம்
339,Obeisance,Noun,மரியாதை செலுத்தும் பணிவு,सम्मान (Sammaan),The students made an obeisance to the teacher.,மாணவர்கள் ஆசிரியருக்கு மரியாதை செலுத்தினர்.,छात्रों ने शिक्षक को सम्मान दिया।,"Respect, Homage",பணிவு / வணக்கம்
340,Perfunctory,Adjective,கடமைக்காக செய்யும்,सतही (Satahi),He gave a perfunctory nod.,அவர் ஒரு கடமைக்காக செய்யும் தலையசைப்பை கொடுத்தார்.,उन्होंने एक सतही सिर हिलाया।,"Cursory, Careless",கடமைக்காகச் செய்யும்
341,Quell,Verb,ஒடுக்கு,शांत करना (Shaant Karna),The police managed to quell the disturbance.,காவல்துறை குழப்பத்தை ஒடுக்க முடிந்தது.,पुलिस गड़बड़ी को शांत करने में कामयाब रही।,"Suppress, Subdue",அடக்குதல்
342,Redress,Verb,நிவர்த்தி செய்,क्षतिपूर्ति करना (Kshatipurti Karna),The company promised to redress the customer's complaint.,வாடிக்கையாளரின் புகாரை நிவர்த்தி செய்ய நிறுவனம் உறுதியளித்தது.,कंपनी ने ग्राहक की शिकायत की क्षतिपूर्ति करने का वादा किया।,"Remedy, Correct",நிவர்த்தி செய்தல்
343,Soporific,Adjective,தூக்கத்தை வரவழைக்கும்,नींद लानेवाला (Neend Laanevaala),The warm milk had a soporific effect.,சூடான பால் ஒரு தூக்கத்தை வரவழைக்கும் விளைவைக் கொண்டிருந்தது.,गर्म दूध का नींद लानेवाला प्रभाव था।,"Sleep-inducing, Somnolent",தூக்கத்தை வரவழைக்கும்
344,Transmute,Verb,மாற்று,रूपांतरित करना (Rupaantarit Karna),They aim to transmute waste into energy.,அவர்கள் கழிவுகளை ஆற்றலாக மாற்ற இலக்கு வைத்துள்ளனர்.,उनका लक्ष्य कचरे को ऊर्जा में रूपांतरित करना है।,"Change, Alter, Transform",உருமாற்றுதல்
345,Unseemly,Adjective,பொருத்தமற்ற,अनुचित (Anuchit),His outburst was highly unseemly.,அவரது ஆத்திரம் மிகவும் பொருத்தமற்றதாக இருந்தது.,उनका गुस्सा अत्यधिक अनुचित था।,"Improper, Inappropriate",தகாத / முறையற்ற
346,Vacillate,Verb,மாறிக் கொண்டே இரு,हिचकिचाना (Hichakichaana),He tends to vacillate on important issues.,அவர் முக்கியமான பிரச்சினைகளில் மாறிக் கொண்டே இருக்க முனைகிறார்.,वह महत्वपूर्ण मुद्दों पर हिचकिचाना करते हैं।,"Waver, Dither",ஊசலாடுதல்
347,Wistful,Adjective,ஏக்கத்துடன் கூடிய,उदासी से भरा (Udaasi Se Bhara),The song brought a wistful tear to her eye.,அந்தப் பாடல் அவளுக்கு ஏக்கத்துடன் கூடிய கண்ணீரை வரவழைத்தது.,गाने ने उसकी आँख में उदासी से भरा आँसू ला दिया।,"Longing, Yearning",ஏக்கமான
348,Xenial,Noun,விருந்தோம்பல்,आतिथ्य (Aatithya),The region is known for its xenial.,இந்த பிராந்தியம் அதன் விருந்தோம்பலுக்கு பெயர் பெற்றது.,यह क्षेत्र अपने आतिथ्य के लिए जाना जाता है।,"Hospitable, Kind",உபசரிக்கும் குணமுள்ள
349,Yearn,Verb,ஏங்கு,लालसा करना (Laalasaa Karna),She began to yearn for adventure.,அவள் சாகசத்திற்காக ஏங்க ஆரம்பித்தாள்.,उसने रोमांच के लिए लालसा करना शुरू कर दिया।,"Long, Desire",ஏங்குதல்
350,Zenith,Noun,உச்சம்,शीर्ष (Sheersh),The company reached its zenith last year.,நிறுவனம் கடந்த ஆண்டு அதன் உச்சத்தை அடைந்தது.,कंपनी पिछले साल अपने शीर्ष पर पहुंची।,"Pinnacle, Summit",உச்சநிலை
351,Abundance,Noun,மிகுதி,प्रचुरता (Prachurata),There was an abundance of fresh fruit.,புதிய பழங்கள் மிகுதியாக இருந்தன.,ताजे फल की प्रचुरता थी।,"Plenty, Profusion",மிகுதி / தாராளம்
352,Advantage,Noun,அனுகூலம்,लाभ (Laabh),His height gave him an advantage.,அவரது உயரம் அவருக்கு அனுகூலத்தை அளித்தது.,उनकी ऊँचाई ने उन्हें लाभ दिया।,"Benefit, Gain",நன்மை / சாதகம்
353,Agreement,Noun,ஒப்பந்தம்,समझौता (Samjhauta),They signed the final agreement.,அவர்கள் இறுதி ஒப்பந்தத்தில் கையெழுத்திட்டனர்.,उन्होंने अंतिम समझौते पर हस्ताक्षर किए।,"Accord, Harmony",ஒப்பந்தம் / உடன்பாடு
354,Argument,Noun,சர்ச்சை,बहस (Bahs),We had a small argument about the plan.,திட்டத்தைப் பற்றி எங்களுக்கு ஒரு சிறிய சர்ச்சை இருந்தது.,योजना को लेकर हमारी थोड़ी बहस हुई।,"Dispute, Debate",விவாதம் / தர்க்கம்
355,Authority,Noun,அதிகாரம்,अधिकार (Adhikaar),She has the authority to make the decision.,முடிவெடுக்கும் அதிகாரம் அவளுக்கு உள்ளது.,उसे निर्णय लेने का अधिकार है।,"Power, Command",அதிகாரம்
356,Boundary,Noun,எல்லை,सीमा (Seema),We marked the boundary of the property.,நாங்கள் சொத்தின் எல்லையைக் குறித்தோம்.,हमने संपत्ति की सीमा को चिह्नित किया।,"Border, Limit",எல்லை
357,Category,Noun,வகை,श्रेणी (Shreni),Sort the books into their proper category.,புத்தகங்களை அவற்றின் சரியான வகையாகப் பிரிக்கவும்.,किताबों को उनकी उचित श्रेणी में छाँटें।,"Class, Group",வகை
358,Challenge,Noun,சவால்,चुनौती (Chunauti),The climb was a major challenge.,இந்த ஏற்றம் ஒரு பெரிய சவாலாக இருந்தது.,चढ़ाई एक बड़ी चुनौती थी।,"Dare, Test",சவால்
359,Citizen,Noun,குடிமகன்,नागरिक (Naagrik),Every citizen has the right to vote.,ஒவ்வொரு குடிமகனுக்கும் வாக்களிக்கும் உரிமை உண்டு.,प्रत्येक नागरिक को वोट देने का अधिकार है।,"Subject, Resident",குடிமகன்
360,Concept,Noun,கருத்து,अवधारणा (Avdhaarana),It is a difficult concept to grasp.,இது புரிந்துகொள்ள கடினமான ஒரு கருத்து.,यह समझना एक कठिन अवधारणा है।,"Idea, Notion",கருத்து
361,Confidence,Noun,நம்பிக்கை,आत्मविश्वास (Aatmavishvaas),He spoke with great confidence.,அவர் மிகுந்த நம்பிக்கையுடன் பேசினார்.,उन्होंने बड़े आत्मविश्वास के साथ बात की।,"Trust, Self-assurance",நம்பிக்கை / தன்னம்பிக்கை
362,Consequence,Noun,விளைவு,परिणाम (Parinaam),Every action has a consequence.,ஒவ்வொரு செயலுக்கும் ஒரு விளைவு உண்டு.,हर क्रिया का एक परिणाम होता है।,"Result, Outcome",விளைவு
363,Cruelty,Noun,கொடுமை,क्रूरता (Kroorta),The film depicted the cruelty of war.,அந்த திரைப்படம் போரின் கொடுமையை சித்தரித்தது.,फिल्म में युद्ध की क्रूरता को दर्शाया गया है।,"Brutality, Harshness",கொடுமை
364,Culture,Noun,கலாச்சாரம்,संस्कृति (Sanskriti),We studied different world cultures.,நாங்கள் வெவ்வேறு உலக கலாச்சாரங்களைப் படித்தோம்.,हमने विभिन्न विश्व संस्कृतियों का अध्ययन किया।,"Tradition, Customs",கலாச்சாரம் / பண்பாடு
365,Decision,Noun,முடிவு,निर्णय (Nirnay),It was a difficult decision to make.,இது எடுக்க வேண்டிய ஒரு கடினமான முடிவு.,यह लेना एक कठिन निर्णय था।,"Resolution, Choice",முடிவு / தீர்மானம்
366,Deficiency,Noun,குறைபாடு,कमी (Kami),He suffered from a vitamin deficiency.,அவர் வைட்டமின் குறைபாட்டால் பாதிக்கப்பட்டார்.,वह विटामिन कमी से पीड़ित था।,"Lack, Shortage",குறைபாடு
367,Democracy,Noun,ஜனநாயகம்,लोकतंत्र (Loktantra),Democracy ensures equal rights.,ஜனநாயகம் சம உரிமைகளை உறுதி செய்கிறது.,लोकतंत्र समान अधिकार सुनिश्चित करता है।,Self-government,ஜனநாயகம்
368,Development,Noun,வளர்ச்சி,विकास (Vikaas),The new project aided economic development.,புதிய திட்டம் பொருளாதார வளர்ச்சிக்கு உதவியது.,नई परियोजना ने आर्थिक विकास में सहायता की।,"Growth, Progress",வளர்ச்சி
369,Difficulty,Noun,சிரமம்,कठिनाई (Kathinai),We faced unexpected difficulty.,நாங்கள் எதிர்பாராத சிரமத்தை எதிர்கொண்டோம்.,हमें अप्रत्याशित कठिनाई का सामना करना पड़ा।,"Problem, Hardship",சிரமம் / கடினம்
370,Distinction,Noun,வேறுபாடு,अंतर (Antar),There is a clear distinction between the two.,இரண்டுக்கும் இடையே ஒரு தெளிவான வேறுபாடு உள்ளது.,दोनों के बीच एक स्पष्ट अंतर है।,"Difference, Contrast",வேறுபாடு / சிறப்பு
371,Duty,Noun,கடமை,कर्तव्य (Kartavya),It is your duty to report the issue.,சிக்கலைத் தெரிவிப்பது உங்கள் கடமை.,समस्या की रिपोर्ट करना आपका कर्तव्य है।,"Responsibility, Obligation",கடமை
372,Emotion,Noun,உணர்ச்சி,भावना (Bhaavana),Joy is a powerful emotion.,மகிழ்ச்சி ஒரு சக்திவாய்ந்த உணர்ச்சி.,खुशी एक शक्तिशाली भावना है।,"Feeling, Passion",உணர்ச்சி
373,Equality,Noun,சமத்துவம்,समानता (Samaanata),We strive for equality among all.,நாங்கள் அனைவரிடையேயும் சமத்துவத்திற்காக பாடுபடுகிறோம்.,हम सभी के बीच समानता के लिए प्रयास करते हैं।,"Fairness, Parity",சமத்துவம்
374,Evidence,Noun,ஆதாரம்,सबूत (Saboot),The police collected evidence at the scene.,போலீசார் சம்பவ இடத்தில் ஆதாரங்களைச் சேகரித்தனர்.,पुलिस ने घटनास्थल पर सबूत एकत्र किए।,"Proof, Confirmation",ஆதாரம் / சாட்சி
375,Expansion,Noun,விரிவாக்கம்,विस्तार (Vistaar),The company plans a global expansion.,நிறுவனம் உலகளாவிய விரிவாக்கத்தை திட்டமிட்டுள்ளது.,कंपनी एक वैश्विक विस्तार की योजना बना रही है।,"Growth, Enlargement",விரிவாக்கம்
376,Experiment,Noun,சோதனை,प्रयोग (Prayog),The scientists conducted a successful experiment.,விஞ்ஞானிகள் ஒரு வெற்றிகரமான சோதனையை நடத்தினர்.,वैज्ञानिकों ने एक सफल प्रयोग किया।,"Test, Trial",சோதனை
377,Failure,Noun,தோல்வி,विफलता (Viphalta),He learned a lot from his failure.,அவர் தனது தோல்வியிலிருந்து நிறைய கற்றுக்கொண்டார்.,उन्होंने अपनी विफलता से बहुत कुछ सीखा।,"Defeat, Collapse",தோல்வி
378,Feature,Noun,அம்சம்,विशेषता (Visheshta),The house has many unique features.,அந்த வீட்டில் பல தனித்துவமான அம்சங்கள் உள்ளன.,घर में कई अनूठी विशेषताएँ हैं।,"Trait, Characteristic",அம்சம் / சிறப்பு
379,Freedom,Noun,சுதந்திரம்,आज़ादी (Aazaadi),We cherish our freedom.,நாங்கள் எங்கள் சுதந்திரத்தைப் போற்றுகிறோம்.,हम अपनी आज़ादी को संजोते हैं।,"Liberty, Independence",சுதந்திரம்
380,Frustration,Noun,விரக்தி,निराशा (Niraasha),Frustration built up due to delays.,தாமதங்கள் காரணமாக விரக்தி அதிகரித்தது.,देरी के कारण निराशा बढ़ गई।,"Annoyance, Exasperation",விரக்தி
381,Generosity,Noun,பெருந்தன்மை,उदारता (Udaarata),Her generosity was well known.,அவரது பெருந்தன்மை நன்கு அறியப்பட்டது.,उनकी उदारता अच्छी तरह से ज्ञात थी।,"Kindness, Munificence",தாராள குணம்
382,Glory,Noun,மகிமை,महिमा (Mahimaa),He sought fame and glory.,அவர் புகழ் மற்றும் மகிமையை நாடினார்.,उन्होंने प्रसिद्धि और महिमा की तलाश की।,"Fame, Honor",மகிமை / புகழ்
383,Growth,Noun,வளர்ச்சி,वृद्धि (Vriddhi),We are tracking the population growth.,நாங்கள் மக்கள்தொகை வளர்ச்சியைக் கண்காணிக்கிறோம்.,हम जनसंख्या वृद्धि पर नज़र रख रहे हैं।,"Expansion, Increase",வளர்ச்சி
384,Guidance,Noun,வழிகாட்டுதல்,मार्गदर्शन (Maargadarshan),We sought expert guidance.,நாங்கள் நிபுணர் வழிகாட்டுதலை நாடினோம்.,हमने विशेषज्ञ मार्गदर्शन मांगा।,"Direction, Advice",வழிகாட்டுதல்
385,Habit,Noun,பழக்கம்,आदत (Aadat),Reading is a good habit.,வாசிப்பு ஒரு நல்ல பழக்கம்.,पढ़ना एक अच्छी आदत है।,"Practice, Custom",பழக்கம்
386,Harmony,Noun,நல்லிணக்கம்,सद्भाव (Sadbhaav),They lived together in harmony.,அவர்கள் நல்லிணக்கத்துடன் ஒன்றாக வாழ்ந்தார்கள்.,वे सद्भाव में एक साथ रहते थे।,"Accord, Peace",நல்லிணக்கம்
387,Hypothesis,Noun,கருதுகோள்,परिकल्पना (Parikalpana),We tested the main hypothesis.,நாங்கள் முக்கிய கருதுகோளைச் சோதித்தோம்.,हमने मुख्य परिकल्पना का परीक्षण किया।,"Theory, Postulate",கருதுகோள்
388,Identity,Noun,அடையாளம்,पहचान (Pahchaan),She struggled to find her own identity.,அவள் தன் சொந்த அடையாளத்தைக் கண்டுபிடிக்கப் போராடினாள்.,उसने अपनी खुद की पहचान खोजने के लिए संघर्ष किया।,"Character, Personality",அடையாளம்
389,Ignorance,Noun,அறியாமை,अज्ञान (Agyaan),Ignorance can be dangerous.,அறியாமை ஆபத்தானது.,अज्ञान खतरनाक हो सकता है।,"Illiteracy, Unawareness",அறியாமை
390,Impact,Noun,தாக்கம்,प्रभाव (Prabhaav),The news had a huge impact.,இந்தச் செய்தி பெரும் தாக்கத்தை ஏற்படுத்தியது.,खबर का बहुत बड़ा प्रभाव पड़ा।,"Influence, Effect",பாதிப்பு / தாக்கம்
391,Improvement,Noun,முன்னேற்றம்,सुधार (Sudhaar),We saw significant improvement.,நாங்கள் குறிப்பிடத்தக்க முன்னேற்றத்தைக் கண்டோம்.,हमने महत्वपूर्ण सुधार देखा।,"Advancement, Betterment",முன்னேற்றம் / மேம்பாடு
392,Incentive,Noun,ஊக்கத்தொகை,प्रोत्साहन (Protsaahan),The bonus served as a great incentive.,போனஸ் ஒரு சிறந்த ஊக்கத்தொகையாக இருந்தது.,बोनस एक महान प्रोत्साहन के रूप में कार्य करता था।,"Inducement, Motivation",ஊக்கத்தொகை / தூண்டுதல்
393,Influence,Noun,செல்வாக்கு,प्रभाव (Prabhaav),He used his influence to help others.,அவர் மற்றவர்களுக்கு உதவ தனது செல்வாக்கைப் பயன்படுத்தினார்.,उन्होंने दूसरों की मदद के लिए अपना प्रभाव इस्तेमाल किया।,"Impact, Power",செல்வாக்கு
394,Injustice,Noun,அநீதி,अन्याय (Annyaay),They protested against the injustice.,அவர்கள் அநீதிக்கு எதிராக போராடினர்.,उन्होंने अन्याय के खिलाफ विरोध किया।,"Unfairness, Wrong",அநீதி
395,Integrity,Noun,ஒருமைப்பாடு,ईमानदारी (Imaandaari),He is known for his integrity.,அவர் தனது ஒருமைப்பாட்டிற்காக அறியப்பட்டவர்.,वह अपनी ईमानदारी के लिए जाने जाते हैं।,"Honesty, Rectitude",நேர்மை
396,Intention,Noun,நோக்கம்,इरादा (Iraada),His intention was clearly good.,அவரது நோக்கம் தெளிவாக நல்லது.,उनका इरादा स्पष्ट रूप से अच्छा था।,"Purpose, Aim",நோக்கம்
397,Justice,Noun,நீதி,न्याय (Nyaay),We must uphold justice.,நாம் நீதியைப் பேண வேண்டும்.,हमें न्याय को बनाए रखना चाहिए।,"Fairness, Equity",நீதி
398,Knowledge,Noun,அறிவு,ज्ञान (Gyaan),The book contains deep knowledge.,இந்த புத்தகத்தில் ஆழ்ந்த அறிவு உள்ளது.,इस पुस्तक में गहरा ज्ञान है।,"Understanding, Wisdom",அறிவு
399,Leadership,Noun,தலைமைத்துவம்,नेतृत्व (Netritva),She showed excellent leadership skills.,அவர் சிறந்த தலைமைத்துவ திறன்களைக் காட்டினார்.,उन्होंने उत्कृष्ट नेतृत्व कौशल दिखाया।,"Guidance, Control",தலைமை
400,Leisure,Noun,ஓய்வு,फुर्सत (Phursat),We spent our leisure time reading.,நாங்கள் எங்கள் ஓய்வு நேரத்தை வாசிப்பதில் செலவிட்டோம்.,हमने अपना फुर्सत का समय पढ़ने में बिताया।,"Free time, Relaxation",ஓய்வு
401,Liberty,Noun,சுதந்திரம்,स्वतंत्रता (Svatantrata),The statue represents liberty.,இந்த சிலை சுதந்திரத்தைக் குறிக்கிறது.,यह मूर्ति स्वतंत्रता का प्रतिनिधित्व करती है।,"Freedom, Independence",சுதந்திரம்
402,Loyalty,Noun,விசுவாசம்,वफादारी (Vafaadaari),The dog showed great loyalty.,நாய் பெரும் விசுவாசத்தைக் காட்டியது.,कुत्ते ने महान वफादारी दिखाई।,"Allegiance, Faithfulness",விசுவாசம்
403,Majority,Noun,பெரும்பான்மை,बहुमत (Bahumat),The majority voted in favour.,பெரும்பான்மை ஆதரவாக வாக்களித்தது.,बहुमत ने पक्ष में मतदान किया।,"Plurality, Bulk",பெரும்பான்மை
404,Manner,Noun,விதம்,तरीका (Tareeka),Speak to others in a polite manner.,மற்றவர்களிடம் மரியாதையான விதத்தில் பேசுங்கள்.,दूसरों से विनम्र तरीके से बात करें।,"Way, Fashion",விதம் / முறை
405,Meaning,Noun,பொருள்,अर्थ (Arth),What is the meaning of this word?,இந்த வார்த்தையின் பொருள் என்ன?,इस शब्द का अर्थ क्या है?,"Significance, Sense",பொருள் / அர்த்தம்
406,Memory,Noun,நினைவு,याददाश्त (Yaaddaasht),She has a sharp memory.,அவளுக்கு ஒரு கூர்மையான நினைவு உள்ளது.,उसकी याददाश्त तेज है।,"Recall, Remembrance",நினைவாற்றல்
407,Method,Noun,முறை,विधि (Vidhi),We need a new method of testing.,நமக்கு ஒரு புதிய சோதனை முறை தேவை.,हमें परीक्षण की एक नई विधि की आवश्यकता है।,"Technique, Procedure",முறை / வழிமுறை
408,Minority,Noun,சிறுபான்மை,अल्पसंख्यक (Alpasankhyak),The rights of the minority are protected.,சிறுபான்மையினரின் உரிமைகள் பாதுகாக்கப்படுகின்றன.,अल्पसंख्यक के अधिकार संरक्षित हैं।,Smaller part,சிறுபான்மை
409,Momentum,Noun,உந்தம்,गति (Gati),The project lost its momentum.,திட்டம் அதன் உந்தத்தை இழந்தது.,परियोजना ने अपनी गति खो दी।,"Energy, Force",வேகம் / உந்தம்
410,Motivation,Noun,உந்துதல்,प्रेरणा (Prerana),His success is a strong motivation.,அவரது வெற்றி ஒரு வலுவான உந்துதல்.,उनकी सफलता एक मजबूत प्रेरणा है।,"Enthusiasm, Drive",உந்துதல்
411,Necessity,Noun,தேவை,आवश्यकता (Aavashyakta),Food is a basic necessity.,உணவு ஒரு அடிப்படை தேவை.,भोजन एक बुनियादी आवश्यकता है।,"Essential, Requirement",அவசியம்
412,Objective,Noun,நோக்கம்,उद्देश्य (Uddeshya),Our main objective is customer satisfaction.,எங்கள் முக்கிய நோக்கம் வாடிக்கையாளர் திருப்தி.,हमारा मुख्य उद्देश्य ग्राहक संतुष्टि है।,"Goal, Aim",குறிக்கோள்
413,Opinion,Noun,கருத்து,राय (Raay),Everyone has a right to their own opinion.,அனைவருக்கும் அவரவர் கருத்துக்கு உரிமை உண்டு.,हर किसी को अपनी राय का अधिकार है।,"View, Belief",கருத்து / அபிப்பிராயம்
414,Opportunity,Noun,வாய்ப்பு,अवसर (Avasar),Don't miss this great opportunity.,இந்த சிறந்த வாய்ப்பைத் தவறவிடாதீர்கள்.,इस महान अवसर को मत छोड़ो।,"Chance, Opening",வாய்ப்பு
415,Patience,Noun,பொறுமை,धैर्य (Dhairya),You need patience to learn this skill.,இந்தக் திறனைக் கற்க உங்களுக்கு பொறுமை தேவை.,इस कौशल को सीखने के लिए आपको धैर्य की आवश्यकता है।,"Tolerance, Endurance",பொறுமை
416,Perception,Noun,கருத்து / உணர்தல்,धारणा (Dhaarana),Public perception of the brand improved.,பிராண்ட் பற்றிய பொது கருத்து மேம்படுத்தப்பட்டது.,ब्रांड की सार्वजनिक धारणा में सुधार हुआ।,"Insight, Awareness",உணர்தல் / பார்வை
417,Performance,Noun,செயல்பாடு,प्रदर्शन (Pradarshan),The team's performance was excellent.,அணியின் செயல்பாடு சிறப்பாக இருந்தது.,टीम का प्रदर्शन उत्कृष्ट था।,"Execution, Show",செயல்பாடு
418,Perspective,Noun,பார்வை,दृष्टिकोण (Drishtikon),Try to see it from my perspective.,என் பார்வையிலிருந்து பார்க்க முயற்சி செய்யுங்கள்.,इसे मेरे दृष्टिकोण से देखने का प्रयास करें।,"Viewpoint, Outlook",கண்ணோட்டம்
419,Pledge,Noun,உறுதிமொழி,प्रतिज्ञा (Pratigya),He made a solemn pledge.,அவர் ஒரு புனிதமான உறுதிமொழி அளித்தார்.,उन्होंने एक गंभीर प्रतिज्ञा ली।,"Promise, Vow",உறுதிமொழி
420,Possibility,Noun,சாத்தியம்,संभावना (Sambhaavana),There is a high possibility of rain.,மழைக்கு அதிக சாத்தியம் உள்ளது.,बारिश की अधिक संभावना है।,"Potential, Chance",சாத்தியம்
421,Prejudice,Noun,பாரபட்சம்,पूर्वाग्रह (Poorvaagraha),We must fight prejudice.,நாம் பாரபட்சத்தை எதிர்த்துப் போராட வேண்டும்.,हमें पूर्वाग्रह से लड़ना चाहिए।,"Bias, Preconception",பாரபட்சம்
422,Pressure,Noun,அழுத்தம்,दबाव (Dabaav),He works well under pressure.,அவர் அழுத்தத்தின் கீழ் நன்றாக வேலை செய்கிறார்.,वह दबाव में अच्छा काम करते हैं।,"Stress, Strain",அழுத்தம்
423,Principle,Noun,கொள்கை,सिद्धांत (Siddhaant),They stick to their moral principles.,அவர்கள் தங்கள் தார்மீக கொள்கைகளில் ஒட்டிக்கொள்கிறார்கள்.,वे अपने नैतिक सिद्धांतों पर कायम हैं।,"Rule, Tenet",கொள்கை
424,Priority,Noun,முன்னுரிமை,प्राथमिकता (Praathamikata),Safety is the top priority.,பாதுகாப்பு முதன்மையான முன்னுரிமை.,सुरक्षा सर्वोच्च प्राथमिकता है।,"Precedence, Importance",முன்னுரிமை
425,Procedure,Noun,செயல்முறை,प्रक्रिया (Prakriyaa),Follow the correct procedure.,சரியான செயல்முறையைப் பின்பற்றவும்.,सही प्रक्रिया का पालन करें।,"Process, Method",நடைமுறை
426,Progress,Noun,முன்னேற்றம்,प्रगति (Pragati),We made good progress today.,இன்று நாங்கள் நல்ல முன்னேற்றம் அடைந்தோம்.,हमने आज अच्छी प्रगति की।,"Advancement, Growth",முன்னேற்றம்
427,Quality,Noun,தரம்,गुणवत्ता (Gunavatta),The shop sells high quality goods.,கடை உயர் தரமான பொருட்களை விற்கிறது.,दुकान उच्च गुणवत्ता का सामान बेचती है।,"Standard, Excellence",தரம்
428,Quantity,Noun,அளவு,मात्रा (Maatra),We need a large quantity of materials.,எங்களுக்கு ஒரு பெரிய அளவு பொருட்கள் தேவை.,हमें बड़ी मात्रा में सामग्री की आवश्यकता है।,"Amount, Total",அளவு
429,Reality,Noun,யதார்த்தம்,वास्तविकता (Vaastavikta),We must face the harsh reality.,நாம் கடுமையான யதார்த்தத்தை எதிர்கொள்ள வேண்டும்.,हमें कठोर वास्तविकता का सामना करना चाहिए।,"Fact, Truth",உண்மை
430,Reason,Noun,காரணம்,कारण (Kaaran),What was the reason for the delay?,தாமதத்திற்கான காரணம் என்ன?,देरी का कारण क्या था?,"Cause, Justification",காரணம்
431,Reference,Noun,குறிப்பு,संदर्भ (Sandarbh),The book contains many helpful references.,புத்தகத்தில் பல பயனுள்ள குறிப்புகள் உள்ளன.,पुस्तक में कई सहायक संदर्भ हैं।,"Citation, Source",குறிப்பு / மேற்கோள்
432,Rejection,Noun,நிராகரிப்பு,अस्वीकृति (Asweekriti),He handled the rejection gracefully.,அவர் நிராகரிப்பை அழகாகக் கையாண்டார்.,उन्होंने अस्वीकृति को शालीनता से संभाला।,"Refusal, Denial",நிராகரிப்பு
433,Relation,Noun,உறவு,संबंध (Sambandh),They have a good working relation.,அவர்களுக்கு ஒரு நல்ல வேலை உறவு உள்ளது.,उनका एक अच्छा कामकाजी संबंध है।,"Connection, Link",உறவு / தொடர்பு
434,Requirement,Noun,தேவை,आवश्यकता (Aavashyakta),The main requirement is fluency in English.,முக்கிய தேவை ஆங்கிலத்தில் சரளமாக பேசுவது.,मुख्य आवश्यकता अंग्रेजी में प्रवाह है।,"Essential, Need",தேவை
435,Research,Noun,ஆராய்ச்சி,अनुसंधान (Anusandhaan),She specializes in medical research.,அவள் மருத்துவ ஆராய்ச்சியில் நிபுணத்துவம் பெற்றவர்.,वह चिकित्सा अनुसंधान में माहिर हैं।,"Investigation, Study",ஆராய்ச்சி
436,Resource,Noun,வளம்,संसाधन (Sansadhan),Water is a vital resource.,நீர் ஒரு முக்கியமான வளம்.,जल एक महत्वपूर्ण संसाधन है।,"Asset, Supply",ஆதாரம் / வளம்
437,Responsibility,Noun,பொறுப்பு,जिम्मेदारी (Zimmedaari),Taking action is his responsibility.,நடவடிக்கை எடுப்பது அவரது பொறுப்பு.,कार्रवाई करना उनकी जिम्मेदारी है।,"Duty, Obligation",பொறுப்பு
438,Result,Noun,முடிவு,नतीजा (Nateeja),The test results were positive.,சோதனை முடிவுகள் சாதகமாக இருந்தன.,परीक्षण के नतीजा सकारात्मक थे।,"Outcome, Effect",முடிவு / விளைவு
439,Revenue,Noun,வருவாய்,राजस्व (Raajasva),The company's revenue increased.,நிறுவனத்தின் வருவாய் அதிகரித்தது.,कंपनी का राजस्व बढ़ गया।,"Income, Earnings",வருவாய்
440,Safety,Noun,பாதுகாப்பு,सुरक्षा (Surakshaa),Employee safety is paramount.,ஊழியர் பாதுகாப்பு மிக முக்கியமானது.,कर्मचारी सुरक्षा सर्वोपरि है।,"Security, Protection",பாதுகாப்பு
441,Satisfaction,Noun,திருப்தி,संतुष्टि (Santushti),Customer satisfaction is key.,வாடிக்கையாளர் திருப்தி முக்கியமானது.,ग्राहक संतुष्टि महत्वपूर्ण है।,"Fulfillment, Contentment",திருப்தி
442,Scheme,Noun,திட்டம்,योजना (Yojana),The government introduced a new scheme.,அரசு ஒரு புதிய திட்டத்தை அறிமுகப்படுத்தியது.,सरकार ने एक नई योजना शुरू की।,"Plan, Strategy",திட்டம்
443,Sector,Noun,துறை,क्षेत्र (Kshetra),She works in the public sector.,அவள் பொது துறையில் வேலை செய்கிறாள்.,वह सार्वजनिक क्षेत्र में काम करती है।,"Segment, Area",துறை
444,Security,Noun,பாதுகாப்பு,सुरक्षा (Surakshaa),We hired extra security.,நாங்கள் கூடுதல் பாதுகாப்பை நியமித்தோம்.,हमने अतिरिक्त सुरक्षा को काम पर रखा।,"Safety, Protection",பாதுகாப்பு
445,Sensation,Noun,உணர்வு,सनसनी (Sansani),The book caused a sensation.,இந்த புத்தகம் ஒரு உணர்வை ஏற்படுத்தியது.,इस किताब ने एक सनसनी पैदा की।,"Feeling, Perception",உணர்வு
446,Significance,Noun,முக்கியத்துவம்,महत्व (Mahatva),The discovery has great significance.,இந்தக் கண்டுபிடிப்புக்கு பெரும் முக்கியத்துவம் உள்ளது.,इस खोज का बहुत महत्व है।,"Importance, Meaning",முக்கியத்துவம்
447,Solution,Noun,தீர்வு,समाधान (Samaadhaan),We found a practical solution.,நாங்கள் ஒரு நடைமுறை தீர்வைக் கண்டோம்.,हमने एक व्यावहारिक समाधान पाया।,"Answer, Resolution",தீர்வு
448,Source,Noun,மூலம்,स्रोत (Srot),The river's source is in the mountains.,ஆற்றின் மூலம் மலைகளில் உள்ளது.,नदी का स्रोत पहाड़ों में है।,"Origin, Root",மூலம்
449,Stability,Noun,நிலைத்தன்மை,स्थिरता (Sthirata),Economic stability is crucial.,பொருளாதார நிலைத்தன்மை முக்கியமானது.,आर्थिक स्थिरता महत्वपूर्ण है।,"Firmness, Solidity",நிலைத்தன்மை
450,Strategy,Noun,உத்தி,रणनीति (Rananeeti),They developed a winning strategy.,அவர்கள் ஒரு வெற்றி உத்தியை உருவாக்கினர்.,उन्होंने एक जीतने वाली रणनीति विकसित की।,"Plan, Tactic",வியூகம் / தந்திரம்